year,country_code,country,suvey,mpi_year,mpi,mpi_hc,deprivation_intensity,nutrition,child_mortality,years_schooling,school_attendance,cooking_fuel,Sanitation,drinking_water,electricity,housing,assets,number_of_indicators,missing_indicators,,,,,,,,,,,,,,,,,,,,,,,,,,,,,,,,,
2014,AFG,Afghanistan,MICS,2010-2011,0.353,66.2,53.4,,30.33,36.20,47.94,60.76,33.45,34.81,45.14,2.40,24.77,9,Nutrition,,,,,,,,,,,,,,,,,,,,,,,,,,,,,,,,,
2017,AFG,Afghanistan,DHS,2015-2016,0.295,56.1,52.7,,28.44,25.99,38.25,46.78,47.15,30.19,23.18,6.41,14.42,9,Nutrition,,,,,,,,,,,,,,,,,,,,,,,,,,,,,,,,,
2018,AFG,Afghanistan,DHS,2015-2016,0.273,56.1,48.7,,8.51,31.39,42.04,49.38,48.83,30.16,23.69,54.66,13.87,9,Nutrition,,,,,,,,,,,,,,,,,,,,,,,,,,,,,,,,,
2010,ALB,Albania,MICS,2005,0.004,1.0,38.1,0.25,0.71,0.14,0.59,0.81,0.16,0.19,0.00,0.13,0.21,10,,,,,,,,,,,,,,,,,,,,,,,,,,,,,,,,,,
2011,ALB,Albania,DHS,2008-2009,0.005,1.4,37.7,0.60,0.70,0.20,0.80,1.10,0.40,0.30,0.00,0.10,0.20,10,,,,,,,,,,,,,,,,,,,,,,,,,,,,,,,,,,
2018,ALB,Albania,DHS,2008-2009,0.008,2.0,37.8,1.26,0.27,0.37,1.01,1.83,0.98,0.75,0.00,1.31,0.26,10,,,,,,,,,,,,,,,,,,,,,,,,,,,,,,,,,,
2019,ALB,Albania,DHS,2017-2018,0.003,0.7,39.1,0.46,0.00,0.52,0.39,0.29,0.14,0.21,0.00,0.14,0.05,10,,,,,,,,,,,,,,,,,,,,,,,,,,,,,,,,,,
2017,DZA,Algeria,MICS,2012-2013,0.006,1.5,39.0,0.27,0.84,0.73,0.84,0.12,0.65,0.59,0.31,0.29,0.21,10,,,,,,,,,,,,,,,,,,,,,,,,,,,,,,,,,,
2018,DZA,Algeria,MICS,2012-2013,0.008,2.1,38.8,1.12,0.37,1.42,0.88,0.17,0.91,0.90,0.36,0.81,0.26,10,,,,,,,,,,,,,,,,,,,,,,,,,,,,,,,,,,
2011,AGO,Angola,MICS,2001,0.452,77.4,58.4,23.30,44.50,43.30,30.40,71.00,68.50,51.30,67.10,61.20,69.70,10,,,,,,,,,,,,,,,,,,,,,,,,,,,,,,,,,,
2018,AGO,Angola,DHS,2015-2016,0.283,51.2,55.3,29.28,6.69,31.40,22.91,39.80,44.42,36.96,43.23,44.13,29.53,10,,,,,,,,,,,,,,,,,,,,,,,,,,,,,,,,,,
2011,ARG,Argentina,ENNyS,2005,0.011,3.0,37.7,0.70,0.30,2.80,0.00,2.20,2.20,0.20,0.70,1.60,2.20,10,,,,,,,,,,,,,,,,,,,,,,,,,,,,,,,,,,
2011,ARM,Armenia,DHS,2005,0.004,1.1,36.2,0.50,0.90,0.00,0.50,0.30,0.40,0.20,0.00,0.10,0.30,10,,,,,,,,,,,,,,,,,,,,,,,,,,,,,,,,,,
2013,ARM,Armenia,DHS,2010,0.001,0.3,35.2,0.10,0.30,0.00,0.10,0.00,0.10,0.10,0.00,0.00,0.00,10,,,,,,,,,,,,,,,,,,,,,,,,,,,,,,,,,,
2018,ARM,Armenia,DHS,2015-2016,0.001,0.2,36.2,0.13,0.00,0.02,0.13,0.07,0.19,0.04,0.00,0.02,0.05,10,,,,,,,,,,,,,,,,,,,,,,,,,,,,,,,,,,
2011,AZE,Azerbaijan,DHS,2006,0.021,5.3,39.4,2.80,3.40,0.10,3.00,1.60,2.40,3.10,0.10,0.70,2.10,10,,,,,,,,,,,,,,,,,,,,,,,,,,,,,,,,,,
2018,AZE,Azerbaijan,DHS,2006,0.019,4.9,38.4,3.56,0.85,0.23,3.06,1.62,2.46,3.04,0.07,1.79,1.83,10,,,,,,,,,,,,,,,,,,,,,,,,,,,,,,,,,,
2011,BGD,Bangladesh,DHS,2007,0.292,57.8,50.4,36.60,23.80,23.70,9.00,56.70,48.20,2.50,38.80,54.10,45.30,10,,,,,,,,,,,,,,,,,,,,,,,,,,,,,,,,,,
2014,BGD,Bangladesh,DHS,2011,0.253,51.3,49.4,33.71,18.57,18.88,13.35,49.87,39.91,1.92,29.65,47.76,33.09,10,,,,,,,,,,,,,,,,,,,,,,,,,,,,,,,,,,
2015,BGD,Bangladesh,MICS,2012-2013,0.174,37.3,46.6,10.65,11.67,17.01,15.59,35.86,23.37,3.46,23.03,35.14,26.74,10,,,,,,,,,,,,,,,,,,,,,,,,,,,,,,,,,,
2016,BGD,Bangladesh,DHS,2014,0.196,41.3,47.4,23.30,14.87,15.44,9.37,39.68,29.08,4.19,25.55,37.97,26.95,10,,,,,,,,,,,,,,,,,,,,,,,,,,,,,,,,,,
2018,BGD,Bangladesh,DHS,2014,0.194,41.1,47.3,24.35,2.38,25.00,9.50,39.40,30.24,4.25,26.16,38.13,27.98,10,,,,,,,,,,,,,,,,,,,,,,,,,,,,,,,,,,
2020,BGD,Bangladesh,MICS,2019,0.104,24.64,42.23,9.48,1.30,16.72,6.78,23.35,15.59,1.43,4.62,23.33,16.14,10,,,,,,,,,,,,,,,,,,,,,,,,,,,,,,,,,,
2015,BRB,Barbados,MICS,2012,0.003,0.9,34.2,0.89,,0.00,0.00,0.00,0.04,0.00,0.10,0.00,0.00,9,Child Mortality,,,,,,,,,,,,,,,,,,,,,,,,,,,,,,,,,
2018,BRB,Barbados,MICS,2012,0.009,2.5,34.2,2.46,,0.03,0.00,0.00,0.05,0.01,0.14,0.27,0.03,9,Child mortality,,,,,,,,,,,,,,,,,,,,,,,,,,,,,,,,,
2011,BLR,Belarus,MICS,2005,0.000,0.0,35.1,0.00,0.00,0.00,0.00,0.00,0.00,0.00,0.00,0.00,0.00,10,,,,,,,,,,,,,,,,,,,,,,,,,,,,,,,,,,
2011,BLZ,Belize,MICS,2006,0.024,5.6,42.6,2.00,3.10,0.90,2.30,4.10,2.50,1.90,3.90,2.50,2.70,10,,,,,,,,,,,,,,,,,,,,,,,,,,,,,,,,,,
2014,BLZ,Belize,MICS,2011,0.018,4.6,39.6,1.46,1.96,1.51,2.99,2.52,1.16,0.36,1.77,1.60,1.75,10,,,,,,,,,,,,,,,,,,,,,,,,,,,,,,,,,,
2018,BLZ,Belize,MICS,2015-2016,0.017,4.4,39.8,3.20,0.92,0.67,1.53,3.11,2.08,0.70,2.46,2.85,1.03,10,,,,,,,,,,,,,,,,,,,,,,,,,,,,,,,,,,
2011,BEN,Benin,DHS,2006,0.412,71.8,57.4,24.80,37.40,42.40,40.70,71.30,69.50,33.20,65.00,39.60,28.10,10,,,,,,,,,,,,,,,,,,,,,,,,,,,,,,,,,,
2015,BEN,Benin,DHS,2011-2012,0.307,62.2,49.3,5.52,19.09,46.20,30.45,61.44,59.53,23.62,53.53,32.59,17.51,10,,,,,,,,,,,,,,,,,,,,,,,,,,,,,,,,,,
2018,BEN,Benin,MICS,2014,0.346,63.2,54.8,31.81,11.93,42.53,31.02,62.73,61.44,32.38,54.19,44.34,16.24,10,,,,,,,,,,,,,,,,,,,,,,,,,,,,,,,,,,
2019,BEN,Benin,DHS,2017-2018,0.368,66.8,55.0,35.62,10.36,44.34,35.68,66.35,64.48,37.31,55.08,42.91,17.69,10,,,,,,,,,,,,,,,,,,,,,,,,,,,,,,,,,,
2011,BTN,Bhutan,MICS,2010,0.119,27.2,43.9,4.40,10.80,21.30,7.60,22.10,16.90,2.60,17.20,8.50,15.10,10,,,,,,,,,,,,,,,,,,,,,,,,,,,,,,,,,,
2018,BTN,Bhutan,MICS,2010,0.175,37.3,46.8,12.69,12.73,29.74,8.66,27.84,22.09,3.26,20.57,30.86,18.68,10,,,,,,,,,,,,,,,,,,,,,,,,,,,,,,,,,,
2010,BOL,Bolivia,DHS,2003,0.175,36.3,48.3,4.59,19.44,8.85,23.12,28.09,35.53,16.00,23.35,25.23,19.06,10,,,,,,,,,,,,,,,,,,,,,,,,,,,,,,,,,,
2011,BOL,Bolivia,DHS,2008,0.089,20.5,43.7,2.70,12.00,6.80,3.90,17.70,19.80,8.20,12.50,15.70,10.80,10,,,,,,,,,,,,,,,,,,,,,,,,,,,,,,,,,,
2018,BOL,Bolivia,DHS,2008,0.094,20.5,46.0,9.52,2.73,11.59,3.38,17.69,20.00,8.54,13.11,16.83,11.37,10,,,,,,,,,,,,,,,,,,,,,,,,,,,,,,,,,,
2011,BIH,Bosnia and Herzegovina,MICS,2006,0.003,0.8,37.2,0.50,,0.40,0.20,0.50,0.10,0.10,0.10,0.00,0.20,9,Child Mortality,,,,,,,,,,,,,,,,,,,,,,,,,,,,,,,,,
2014,BIH,Bosnia and Herzegovina,MICS,2011-2012,0.002,0.5,37.3,0.32,,0.18,0.12,0.35,0.14,0.02,0.03,0.02,0.05,9,Child Mortality,,,,,,,,,,,,,,,,,,,,,,,,,,,,,,,,,
2018,BIH,Bosnia and Herzegovina,MICS,2011-2012,0.008,2.2,37.9,1.99,,0.20,0.16,1.48,0.26,0.04,0.05,0.05,0.09,9,Child mortality,,,,,,,,,,,,,,,,,,,,,,,,,,,,,,,,,
2020,BWA,Botswana,BMTHS,2015-2016,0.073,17.22,42.18,12.33,0.87,3.96,3.22,16.38,13.96,3.92,15.48,9.06,10.79,10,,,,,,,,,,,,,,,,,,,,,,,,,,,,,,,,,,
2011,BOL,Brazil,WHS,2003,0.039,8.5,46.0,1.27,,8.13,,6.56,3.89,1.95,0.00,1.62,0.12,8,School attendance & Child Mortality,,,,,,,,,,,,,,,,,,,,,,,,,,,,,,,,,
2011,BRA,Brazil,PNDS,2006,0.011,2.7,39.3,0.90,1.60,2.00,0.50,,1.10,1.00,0.20,0.30,0.60,9,Cooking Fuel,,,,,,,,,,,,,,,,,,,,,,,,,,,,,,,,,
2016,BRA,Brazil,PNAD,2014,0.021,5.3,40.6,,4.41,1.15,0.26,1.10,3.21,1.79,0.21,,0.35,8,Nutrition & Floor,,,,,,,,,,,,,,,,,,,,,,,,,,,,,,,,,
2018,BRA,Brazil,PNAD,2015,0.016,3.84,42.55,,2.44,1.95,0.30,1.33,3.51,2.17,0.16,0.57,0.30,9,Nutrition,,,,,,,,,,,,,,,,,,,,,,,,,,,,,,,,,
2011,BFA,Burkina Faso,MICS,2006,0.536,82.6,64.9,35.40,50.00,55.10,64.10,82.40,69.60,43.00,77.50,55.50,22.80,10,,,,,,,,,,,,,,,,,,,,,,,,,,,,,,,,,,
2013,BFA,Burkina Faso,DHS,2010,0.535,84.0,63.7,38.30,51.20,57.70,58.50,83.70,76.20,32.10,81.30,55.20,17.50,10,,,,,,,,,,,,,,,,,,,,,,,,,,,,,,,,,,
2018,BFA,Burkina Faso,DHS,2010,0.520,84.0,61.9,45.58,17.33,68.37,58.19,83.44,76.47,41.18,81.59,71.78,13.56,10,,,,,,,,,,,,,,,,,,,,,,,,,,,,,,,,,,
2011,BDI,Burundi,MICS,2005,0.530,84.5,62.7,,35.60,52.90,47.30,84.30,63.10,51.60,83.50,81.20,75.60,9,Nutrition,,,,,,,,,,,,,,,,,,,,,,,,,,,,,,,,,
2014,BDI,Burundi,DHS,2010,0.454,80.8,56.2,35.42,43.18,35.22,27.60,80.78,54.94,41.90,79.71,76.37,58.70,10,,,,,,,,,,,,,,,,,,,,,,,,,,,,,,,,,,
2018,BDI,Burundi,DHS,2016-2017,0.404,74.3,54.3,48.44,8.17,42.49,24.01,74.08,45.39,42.53,72.78,70.01,52.92,10,,,,,,,,,,,,,,,,,,,,,,,,,,,,,,,,,,
2011,KHM,Cambodia,DHS,2005,0.251,52.0,48.4,14.40,23.40,23.80,21.10,51.60,48.30,28.60,48.80,4.70,22.40,10,,,,,,,,,,,,,,,,,,,,,,,,,,,,,,,,,,
2013,KHM,Cambodia,DHS,2010,0.212,45.9,46.1,24.40,17.10,17.80,10.30,45.40,40.60,25.70,41.40,3.90,15.10,10,,,,,,,,,,,,,,,,,,,,,,,,,,,,,,,,,,
2015,KHM,Cambodia,DHS,2014,0.146,33.0,44.3,16.28,9.91,13.50,10.44,32.05,27.49,19.43,23.94,3.69,6.48,10,,,,,,,,,,,,,,,,,,,,,,,,,,,,,,,,,,
2018,KHM,Cambodia,DHS,2014-2015,0.158,34.9,45.3,17.56,2.02,20.87,10.64,34.10,29.14,20.36,25.23,15.80,6.46,10,,,,,,,,,,,,,,,,,,,,,,,,,,,,,,,,,,
2011,CMR,Cameroon,DHS,2004,0.287,53.3,53.9,8.90,33.40,23.00,21.30,52.50,48.50,32.50,44.50,41.80,38.00,10,,,,,,,,,,,,,,,,,,,,,,,,,,,,,,,,,,
2014,CMR,Cameroon,DHS,2011,0.248,46.0,53.8,18.27,27.40,16.71,18.35,45.45,34.66,28.92,37.31,34.47,23.02,10,,,,,,,,,,,,,,,,,,,,,,,,,,,,,,,,,,
2018,CMR,Cameroon,MICS,2014,0.244,45.4,53.7,24.21,10.15,23.45,17.61,44.68,40.23,28.84,36.95,38.97,22.78,10,,,,,,,,,,,,,,,,,,,,,,,,,,,,,,,,,,
2011,CAF,Central African Republic,MICS,2000,0.512,86.4,59.3,24.50,47.10,35.70,62.70,86.10,53.30,53.60,82.00,,68.70,9,Floor,,,,,,,,,,,,,,,,,,,,,,,,,,,,,,,,,
2014,CAF,Central African Republic,MICS,2010,0.430,77.6,55.5,21.46,40.70,29.21,33.00,77.55,76.46,48.11,74.22,69.48,55.43,10,,,,,,,,,,,,,,,,,,,,,,,,,,,,,,,,,,
2018,CAF,Central African Republic,MICS,2010,0.465,79.4,58.6,37.30,40.24,38.75,33.03,79.13,67.52,54.84,75.92,73.09,38.28,10,,,,,,,,,,,,,,,,,,,,,,,,,,,,,,,,,,
2011,TCD,Chad,WHS,2003,0.344,62.9,54.7,7.00,2.40,42.30,,61.30,58.40,42.90,61.90,60.00,53.10,9,Child School Attendance,,,,,,,,,,,,,,,,,,,,,,,,,,,,,,,,,
2015,TCD,Chad,MICS,2010,0.554,87.2,63.5,32.64,44.28,57.08,49.04,86.38,81.29,57.45,85.18,84.57,52.44,10,,,,,,,,,,,,,,,,,,,,,,,,,,,,,,,,,,
2017,TCD,Chad,DHS,2014-2015,0.552,87.1,63.4,39.76,39.34,51.61,52.51,86.16,83.27,60.49,83.40,81.70,49.12,10,,,,,,,,,,,,,,,,,,,,,,,,,,,,,,,,,,
2018,TCD,Chad,DHS,2014-2015,0.535,85.9,62.3,47.97,16.91,57.62,52.53,84.95,82.21,59.64,82.26,82.96,45.49,10,,,,,,,,,,,,,,,,,,,,,,,,,,,,,,,,,,
2013,CHN,China,WHS,2002,0.056,12.5,44.9,3.20,0.20,10.90,,9.10,7.70,3.00,0.00,3.20,2.40,9,Child School Attendance,,,,,,,,,,,,,,,,,,,,,,,,,,,,,,,,,
2015,CHN,China,CFPS,2012,0.023,5.2,43.2,3.71,1.00,2.56,1.64,4.15,1.74,3.61,0.15,,2.00,9,Floor,,,,,,,,,,,,,,,,,,,,,,,,,,,,,,,,,
2017,CHN,China,CFPS,2014,0.017,4.0,41.3,3.34,1.20,1.64,1.28,2.80,1.01,1.80,0.03,,0.71,9,Floor,,,,,,,,,,,,,,,,,,,,,,,,,,,,,,,,,
2018,CHN,China,CFPS,2014,0.017,4.0,41.4,3.52,0.08,2.02,1.80,2.87,0.90,1.81,0.03,,0.75,9,Housing,,,,,,,,,,,,,,,,,,,,,,,,,,,,,,,,,
2010,COL,Colombia,DHS,2005,0.041,9.2,44.1,3.96,3.86,3.76,3.98,6.45,4.71,3.36,2.23,3.97,5.76,10,,,,,,,,,,,,,,,,,,,,,,,,,,,,,,,,,,
2011,COL,Colombia,DHS,2010,0.022,5.4,40.9,2.20,2.20,2.40,1.80,3.60,2.60,2.40,1.30,2.30,1.50,10,,,,,,,,,,,,,,,,,,,,,,,,,,,,,,,,,,
2018,COL,Colombia,DHS,2015-2016,0.021,5.0,40.8,,0.93,3.87,0.80,3.74,3.56,3.35,1.45,4.01,1.24,9,Nutrition,,,,,,,,,,,,,,,,,,,,,,,,,,,,,,,,,
2011,COM,Comoros,MICS,2000,0.408,73.9,55.2,27.20,27.00,30.80,47.90,72.30,72.80,45.00,54.30,28.30,63.70,10,,,,,,,,,,,,,,,,,,,,,,,,,,,,,,,,,,
2015,COM,Comoros,DHS-MICS,2012,0.173,36.0,47.9,13.58,12.32,14.96,14.80,34.65,30.38,16.70,20.97,19.19,22.01,10,,,,,,,,,,,,,,,,,,,,,,,,,,,,,,,,,,
2018,COM,Comoros,DHS-MICS,2012,0.181,37.4,48.5,18.89,3.87,19.57,14.72,35.94,31.30,19.38,22.05,23.78,22.88,10,,,,,,,,,,,,,,,,,,,,,,,,,,,,,,,,,,
2011,COG,Congo,DHS,2009,0.208,40.6,51.2,,28.40,5.40,7.50,35.90,38.90,17.20,31.40,21.50,20.10,9,Nutrition,,,,,,,,,,,,,,,,,,,,,,,,,,,,,,,,,
2014,COG,Congo,DHS,2011-2012,0.181,39.7,45.7,18.98,17.40,5.44,5.32,38.53,37.62,24.22,36.34,25.18,23.12,10,,,,,,,,,,,,,,,,,,,,,,,,,,,,,,,,,,
2018,COG,Congo,DHS,2011-2012,0.185,40.4,45.7,24.94,5.18,9.38,5.30,38.71,38.67,28.18,36.51,32.50,23.56,10,,,,,,,,,,,,,,,,,,,,,,,,,,,,,,,,,,
2019,COG,Congo,MICS,2014-2015,0.112,24.3,46.0,12.54,3.14,9.68,3.82,23.61,23.02,14.84,20.14,19.29,12.56,10,,,,,,,,,,,,,,,,,,,,,,,,,,,,,,,,,,
2011,COD,"Congo, Democratic Republic of the",DHS,2007,0.393,73.2,53.7,17.10,37.10,14.40,40.20,72.80,62.00,55.50,69.10,64.90,57.50,10,,,,,,,,,,,,,,,,,,,,,,,,,,,,,,,,,,
2013,COD,"Congo, Democratic Republic of the",MICS,2010,0.392,74.0,53.0,21.60,37.40,15.50,26.90,73.90,72.70,56.60,71.70,68.80,58.00,10,,,,,,,,,,,,,,,,,,,,,,,,,,,,,,,,,,
2015,COD,"Congo, Democratic Republic of the",DHS,2013-2014,0.401,75.1,53.4,33.29,42.80,11.98,24.20,74.93,62.48,55.20,71.63,68.74,51.72,10,,,,,,,,,,,,,,,,,,,,,,,,,,,,,,,,,,
2018,COD,"Congo, Democratic Republic of the",DHS,2013-2014,0.378,72.5,52.2,44.52,12.17,18.32,24.46,72.25,60.93,59.15,69.44,68.45,51.85,10,,,,,,,,,,,,,,,,,,,,,,,,,,,,,,,,,,
2020,COD,"Congo, Democratic Republic of the",MICS,2017-2018,0.331,64.52,51.33,38.78,7.19,16.45,23.00,63.82,59.74,50.72,57.68,59.24,48.69,10,,,,,,,,,,,,,,,,,,,,,,,,,,,,,,,,,,
2011,CIV,Côte d'Ivoire,DHS,2005,0.353,61.5,57.4,,40.90,29.00,38.70,,51.90,25.00,33.50,16.60,28.20,8,Nutrition & Cooking Fuel,,,,,,,,,,,,,,,,,,,,,,,,,,,,,,,,,
2014,CIV,Côte d'Ivoire,DHS,2011-2012,0.310,58.7,52.8,18.47,36.71,30.92,33.25,56.40,52.61,22.79,36.84,16.62,14.97,10,,,,,,,,,,,,,,,,,,,,,,,,,,,,,,,,,,
2018,CIV,Côte d'Ivoire,MICS,2016,0.236,46.1,51.2,20.65,7.25,31.73,25.45,43.43,40.24,23.06,29.01,24.15,9.97,10,,,,,,,,,,,,,,,,,,,,,,,,,,,,,,,,,,
2011,HRV,Croatia,WHS,2003,0.016,4.4,36.3,2.20,,2.10,,1.20,0.30,0.10,0.00,0.10,0.70,8,Child School Attendance & Child Mortality,,,,,,,,,,,,,,,,,,,,,,,,,,,,,,,,,
2020,CUB,Cuba,ENO,2017,0.002,0.44,36.85,,0.13,0.30,0.01,0.21,0.31,0.10,0.02,0.29,0.30,9,Nutrition,,,,,,,,,,,,,,,,,,,,,,,,,,,,,,,,,
2011,CZE,Czech Republic,WHS,2002-2003,0.010,3.1,33.4,3.10,,0.00,,0.00,0.00,0.00,0.00,0.00,0.00,8,Child School Attendance & Child Mortality,,,,,,,,,,,,,,,,,,,,,,,,,,,,,,,,,
2011,DJI,Djibouti,MICS,2006,0.139,29.3,47.3,10.60,9.80,13.50,18.30,8.80,16.30,6.70,20.40,17.80,22.60,10,,,,,,,,,,,,,,,,,,,,,,,,,,,,,,,,,,
2018,DJI,Djibouti,MICS,2006,0.170,34.6,49.0,16.07,10.76,16.65,20.35,8.90,19.18,8.69,22.55,28.76,25.78,10,,,,,,,,,,,,,,,,,,,,,,,,,,,,,,,,,,
2010,DOM,Dominican Republic,MICS,2000,0.048,11.1,38.1,1.02,4.17,8.01,3.64,7.13,10.03,3.59,3.98,3.39,7.44,10,,,,,,,,,,,,,,,,,,,,,,,,,,,,,,,,,,
2011,DOM,Dominican Republic,DHS,2007,0.018,4.6,39.4,0.50,1.90,3.30,1.00,2.90,2.70,1.50,1.30,1.20,2.90,10,,,,,,,,,,,,,,,,,,,,,,,,,,,,,,,,,,
2015,DOM,Dominican Republic,DHS,2013,0.020,5.1,39.0,2.75,2.36,2.22,1.46,2.22,2.58,1.09,0.79,0.78,2.01,10,,,,,,,,,,,,,,,,,,,,,,,,,,,,,,,,,,
2017,DOM,Dominican Republic,MICS,2014,0.034,8.8,38.5,,7.35,1.75,0.80,2.28,2.52,1.34,0.91,0.81,1.52,9,Nutrition,,,,,,,,,,,,,,,,,,,,,,,,,,,,,,,,,
2018,DOM,Dominican Republic,MICS,2014,0.016,4.1,38.9,,1.59,2.53,0.75,2.04,2.10,0.99,1.05,1.79,1.61,9,Nutrition,,,,,,,,,,,,,,,,,,,,,,,,,,,,,,,,,
2011,ECU,Ecuador,WHS,2003,0.009,2.2,41.6,0.10,0.10,2.20,,0.30,0.60,0.70,0.20,0.20,1.10,9,Child School Attendance,,,,,,,,,,,,,,,,,,,,,,,,,,,,,,,,,
2015,ECU,Ecuador,ECV,2013-2014,0.013,3.4,38.5,2.22,1.57,0.87,0.83,1.35,1.56,1.16,0.59,0.99,1.68,10,,,,,,,,,,,,,,,,,,,,,,,,,,,,,,,,,,
2018,ECU,Ecuador,ECV,2013-2014,0.018,4.5,40.0,2.94,1.46,1.61,0.91,1.67,2.79,2.43,0.71,2.28,1.68,10,,,,,,,,,,,,,,,,,,,,,,,,,,,,,,,,,,
2011,EGY,Egypt,DHS,2008,0.024,6.0,40.7,1.70,3.70,2.60,4.40,,1.00,0.30,0.20,2.30,1.40,9,Cooking Fuel,,,,,,,,,,,,,,,,,,,,,,,,,,,,,,,,,
2015,EGY,Egypt,DHS,2014,0.014,3.6,38.1,1.13,2.09,1.66,2.64,,0.52,0.16,0.04,0.62,0.21,9,Cooking Fuel,,,,,,,,,,,,,,,,,,,,,,,,,,,,,,,,,
2018,EGY,Egypt,DHS,2014,0.020,5.2,37.6,3.88,0.85,2.83,3.38,,0.71,0.32,0.05,0.74,0.22,9,Cooking fuel,,,,,,,,,,,,,,,,,,,,,,,,,,,,,,,,,
2017,SLV,El Salvador,MICS,2014,0.026,6.3,41.4,0.91,2.15,3.62,2.53,5.06,3.96,1.55,2.05,4.63,2.25,10,,,,,,,,,,,,,,,,,,,,,,,,,,,,,,,,,,
2018,SLV,El Salvador,MICS,2014,0.033,7.9,41.3,2.60,0.54,5.18,3.33,6.28,5.00,1.89,2.35,6.12,2.52,10,,,,,,,,,,,,,,,,,,,,,,,,,,,,,,,,,,
2011,EST,Estonia,WHS,2003,0.026,7.2,36.5,0.20,0.00,7.20,,2.40,0.60,0.30,0.00,0.00,0.40,9,Child School Attendance,,,,,,,,,,,,,,,,,,,,,,,,,,,,,,,,,
2011,SWZ,eSwatini,DHS,2007,0.184,41.4,44.5,7.40,22.90,6.60,17.50,37.80,37.80,24.00,37.40,10.60,20.30,10,,,,,,,,,,,,,,,,,,,,,,,,,,,,,,,,,,
2013,SWZ,eSwatini,MICS,2010,0.086,20.4,41.9,3.70,11.70,5.60,3.00,19.50,14.20,13.30,19.00,5.40,11.00,10,,,,,,,,,,,,,,,,,,,,,,,,,,,,,,,,,,
2017,SWZ,eSwatini,MICS,2014,0.066,16.0,41.5,3.71,9.63,3.93,2.47,14.72,11.01,11.08,12.97,3.40,7.01,10,,,,,,,,,,,,,,,,,,,,,,,,,,,,,,,,,,
2018,SWZ,eSwatini,MICS,2014,0.083,19.6,42.4,11.43,3.42,6.04,2.68,18.12,13.28,13.05,16.00,8.96,9.17,10,,,,,,,,,,,,,,,,,,,,,,,,,,,,,,,,,,
2011,ETH,Ethiopia,DHS,2005,0.562,88.6,63.5,20.80,37.50,61.60,56.00,88.30,83.70,53.80,84.70,86.50,87.50,10,,,,,,,,,,,,,,,,,,,,,,,,,,,,,,,,,,
2013,ETH,Ethiopia,DHS,2011,0.564,87.3,64.6,55.60,37.90,47.60,40.00,87.20,81.60,65.50,78.80,82.60,76.50,10,,,,,,,,,,,,,,,,,,,,,,,,,,,,,,,,,,
2018,ETH,Ethiopia,DHS,2016,0.490,83.8,58.5,52.92,5.79,52.39,33.57,83.02,80.56,60.60,74.47,83.25,66.08,10,,,,,,,,,,,,,,,,,,,,,,,,,,,,,,,,,,
2011,GAB,Gabon,DHS,2000,0.161,35.4,45.5,12.00,18.40,9.00,8.40,26.90,32.60,19.40,21.20,19.80,26.50,10,,,,,,,,,,,,,,,,,,,,,,,,,,,,,,,,,,
2014,GAB,Gabon,DHS,2012,0.070,16.5,42.5,7.72,11.23,3.42,3.05,8.86,14.20,6.60,6.56,7.70,6.08,10,,,,,,,,,,,,,,,,,,,,,,,,,,,,,,,,,,
2018,GAB,Gabon,DHS,2012,0.067,15.0,44.3,8.69,3.92,5.83,3.02,9.33,14.07,9.70,7.05,8.93,6.55,10,,,,,,,,,,,,,,,,,,,,,,,,,,,,,,,,,,
2011,GMB,Gambia,MICS,2005-2006,0.324,60.4,53.6,21.40,38.20,28.30,36.80,60.30,32.10,20.80,54.20,22.00,19.10,10,,,,,,,,,,,,,,,,,,,,,,,,,,,,,,,,,,
2015,GMB,Gambia,DHS,2013,0.323,60.4,53.4,37.97,34.41,17.80,38.16,60.07,42.08,16.95,49.91,18.21,8.43,10,,,,,,,,,,,,,,,,,,,,,,,,,,,,,,,,,,
2018,GMB,Gambia,DHS,2013,0.286,55.3,51.8,38.64,9.98,21.67,37.26,55.02,39.40,15.40,47.22,28.65,7.23,10,,,,,,,,,,,,,,,,,,,,,,,,,,,,,,,,,,
2020,GMB,Gambia,MICS,2018,0.204,41.60,48.96,26.41,9.63,16.05,26.28,41.36,29.62,13.60,26.61,16.79,3.50,10,,,,,,,,,,,,,,,,,,,,,,,,,,,,,,,,,,
2011,GEO,Georgia,MICS,2005,0.003,0.8,35.2,0.10,0.40,0.10,0.30,0.80,0.30,0.40,0.10,0.10,0.50,10,,,,,,,,,,,,,,,,,,,,,,,,,,,,,,,,,,
2020,GEO,Georgia,MICS,2018,0.001,0.34,36.59,0.09,0.26,0.05,0.13,0.17,0.15,0.12,0.00,0.16,0.05,10,,,,,,,,,,,,,,,,,,,,,,,,,,,,,,,,,,
2011,GHA,Ghana,DHS,2008,0.144,31.2,46.2,6.50,10.40,15.50,12.20,31.00,29.90,12.20,24.30,11.00,16.90,10,,,,,,,,,,,,,,,,,,,,,,,,,,,,,,,,,,
2014,GHA,Ghana,MICS,2011,0.139,30.4,45.8,7.44,15.16,12.98,8.71,30.23,28.88,16.06,22.99,7.81,11.91,10,,,,,,,,,,,,,,,,,,,,,,,,,,,,,,,,,,
2015,GHA,Ghana,DHS,2014,0.156,33.7,46.2,14.82,18.15,11.11,11.61,32.57,31.60,16.31,17.57,4.69,10.44,10,,,,,,,,,,,,,,,,,,,,,,,,,,,,,,,,,,
2018,GHA,Ghana,DHS,2014,0.132,28.9,45.5,12.89,3.22,14.81,10.27,28.29,27.42,14.56,15.63,17.29,9.99,10,,,,,,,,,,,,,,,,,,,,,,,,,,,,,,,,,,
2011,GTM,Guatemala,WHS,2003,0.127,25.9,49.1,2.60,5.00,21.80,,23.00,6.60,3.70,10.50,15.70,15.40,9,Child School Attendance,,,,,,,,,,,,,,,,,,,,,,,,,,,,,,,,,
2017,GTM,Guatemala,DHS,2014-2015,0.113,24.8,45.7,8.14,10.34,11.60,11.44,23.77,9.35,9.12,9.18,17.85,9.71,10,,,,,,,,,,,,,,,,,,,,,,,,,,,,,,,,,,
2018,GTM,Guatemala,DHS,2014-2015,0.134,29.1,46.2,19.08,2.40,15.99,12.10,27.97,10.87,10.55,10.13,22.82,10.94,10,,,,,,,,,,,,,,,,,,,,,,,,,,,,,,,,,,
2011,GIN,Guinea,DHS,2005,0.506,82.5,61.3,17.00,52.80,54.30,53.40,82.50,75.60,37.70,74.30,52.20,56.00,10,,,,,,,,,,,,,,,,,,,,,,,,,,,,,,,,,,
2015,GIN,Guinea,DHS-MICS,2012,0.459,75.1,61.1,29.92,46.93,41.17,52.51,75.02,64.84,34.45,66.45,44.02,29.81,10,,,,,,,,,,,,,,,,,,,,,,,,,,,,,,,,,,
2018,GIN,Guinea,MICS,2016,0.337,62.0,54.5,29.00,9.30,39.73,38.37,61.75,51.07,35.80,53.19,33.48,22.74,10,,,,,,,,,,,,,,,,,,,,,,,,,,,,,,,,,,
2020,GIN,Guinea,DHS,2018,0.373,66.21,56.37,35.73,12.09,46.08,39.86,65.74,55.43,36.97,49.00,39.21,24.18,10,,,,,,,,,,,,,,,,,,,,,,,,,,,,,,,,,,
2014,GNB,Guinea-Bissau,MICS,2006,0.462,77.5,59.6,21.14,50.67,48.30,41.49,77.51,49.18,42.33,73.40,62.80,42.28,10,,,,,,,,,,,,,,,,,,,,,,,,,,,,,,,,,,
2017,GNB,Guinea-Bissau,MICS,2014,0.371,66.8,55.5,21.76,37.39,32.75,35.85,66.28,64.51,27.99,62.19,49.86,13.29,10,,,,,,,,,,,,,,,,,,,,,,,,,,,,,,,,,,
2018,GNB,Guinea-Bissau,MICS,2014,0.373,67.4,55.4,35.21,12.80,39.79,36.05,66.74,65.54,27.93,61.67,65.02,13.34,10,,,,,,,,,,,,,,,,,,,,,,,,,,,,,,,,,,
2011,GUY,Guyana,DHS,2005,0.053,13.4,39.5,,12.50,0.60,0.50,2.50,4.60,1.60,4.90,0.80,2.90,9,Nutrition,,,,,,,,,,,,,,,,,,,,,,,,,,,,,,,,,
2013,GUY,Guyana,DHS,2009,0.030,7.7,39.2,4.90,4.30,1.30,1.90,3.30,2.90,2.00,4.50,1.30,3.60,10,,,,,,,,,,,,,,,,,,,,,,,,,,,,,,,,,,
2017,GUY,Guyana,MICS,2014,0.013,3.2,40.3,1.08,1.78,0.56,0.89,1.98,1.65,1.52,2.46,1.31,1.65,10,,,,,,,,,,,,,,,,,,,,,,,,,,,,,,,,,,
2018,GUY,Guyana,MICS,2014,0.014,3.4,41.9,2.06,0.62,0.65,0.92,2.16,1.90,1.62,2.75,2.30,1.88,10,,,,,,,,,,,,,,,,,,,,,,,,,,,,,,,,,,
2011,HTI,Haiti,DHS,2005-2006,0.299,56.4,53.0,11.30,27.40,32.00,16.40,56.20,52.20,35.60,50.10,34.70,48.70,10,,,,,,,,,,,,,,,,,,,,,,,,,,,,,,,,,,
2014,HTI,Haiti,DHS,2012,0.248,49.4,50.3,16.88,25.58,23.05,6.28,49.30,43.44,33.44,42.56,30.65,32.18,10,,,,,,,,,,,,,,,,,,,,,,,,,,,,,,,,,,
2018,HTI,Haiti,DHS,2012,0.231,47.6,48.6,16.92,5.07,32.49,6.21,47.21,42.49,35.69,41.80,34.14,32.85,10,,,,,,,,,,,,,,,,,,,,,,,,,,,,,,,,,,
2019,HTI,Haiti,DHS,2016-2017,0.200,41.3,48.4,18.26,3.86,22.84,6.59,41.02,36.06,29.20,36.67,29.70,31.96,10,,,,,,,,,,,,,,,,,,,,,,,,,,,,,,,,,,
2011,HND,Honduras,DHS,2005-2006,0.159,32.5,48.9,7.00,10.60,13.50,22.80,29.60,23.00,11.90,,19.70,19.80,9,Electricity,,,,,,,,,,,,,,,,,,,,,,,,,,,,,,,,,
2014,HND,Honduras,DHS,2011-2012,0.072,15.8,45.7,4.59,5.92,6.78,7.06,14.74,11.02,5.61,,10.05,6.33,9,Electricity,,,,,,,,,,,,,,,,,,,,,,,,,,,,,,,,,
2018,HND,Honduras,DHS,2011-2012,0.090,19.5,46.4,9.02,1.20,10.12,7.74,18.66,14.19,6.88,,17.99,7.68,9,Electricity,,,,,,,,,,,,,,,,,,,,,,,,,,,,,,,,,
2011,HUN,Hungary,WHS,2003,0.016,4.6,34.3,4.50,,0.10,,0.00,0.00,0.00,0.00,0.60,0.20,8,Child School Attendance & Child Mortality,,,,,,,,,,,,,,,,,,,,,,,,,,,,,,,,,
2011,IND,India,DHS,2005-2006,0.283,53.7,52.7,38.20,22.50,17.60,19.50,51.10,48.20,11.90,28.30,39.40,37.50,10,,,,,,,,,,,,,,,,,,,,,,,,,,,,,,,,,,
2017,IND,India,IHDS,2011-2012,0.191,41.3,46.3,35.44,15.45,9.41,5.75,39.72,36.95,6.92,14.23,30.70,17.31,10,,,,,,,,,,,,,,,,,,,,,,,,,,,,,,,,,,
2018,IND,India,DHS,2015-2016,0.121,27.5,43.9,20.53,2.39,11.59,5.50,25.75,24.25,6.14,8.52,23.27,9.42,10,,,,,,,,,,,,,,,,,,,,,,,,,,,,,,,,,,
2011,IDN,Indonesia,DHS,2007,0.095,20.8,45.9,,14.40,4.00,4.90,15.50,13.20,10.20,4.30,4.60,10.10,9,Nutrition,,,,,,,,,,,,,,,,,,,,,,,,,,,,,,,,,
2014,IDN,Indonesia,DHS,2012,0.066,15.5,42.9,,12.10,2.47,2.53,9.58,8.05,6.08,1.79,2.25,4.14,9,Nutrition,,,,,,,,,,,,,,,,,,,,,,,,,,,,,,,,,
2018,IDN,Indonesia,DHS,2012,0.029,7.2,40.5,,2.22,3.00,2.12,5.84,5.24,4.54,1.81,3.02,3.62,9,Nutrition,,,,,,,,,,,,,,,,,,,,,,,,,,,,,,,,,
2020,IDN,Indonesia,DHS,2017,0.014,3.62,38.71,,1.46,1.55,0.70,2.38,2.18,1.35,0.77,1.31,1.71,9,Nutrition,,,,,,,,,,,,,,,,,,,,,,,,,,,,,,,,,
2011,IRQ,Iraq,MICS,2006,0.059,14.2,41.3,3.80,7.60,4.90,11.90,2.70,5.10,6.40,1.00,4.00,2.40,10,,,,,,,,,,,,,,,,,,,,,,,,,,,,,,,,,,
2014,IRQ,Iraq,MICS,2011,0.045,11.6,38.5,3.57,6.74,4.05,9.73,0.93,1.54,2.54,0.68,2.20,0.43,10,,,,,,,,,,,,,,,,,,,,,,,,,,,,,,,,,,
2018,IRQ,Iraq,MICS,2011,0.059,14.7,40.0,9.96,2.78,6.96,11.22,0.94,2.04,3.45,0.73,5.15,0.48,10,,,,,,,,,,,,,,,,,,,,,,,,,,,,,,,,,,
2019,IRQ,Iraq,MICS,2018,0.033,8.6,37.9,5.04,1.45,5.49,6.46,0.16,1.41,0.41,0.05,1.32,0.17,10,,,,,,,,,,,,,,,,,,,,,,,,,,,,,,,,,,
2015,JAM,Jamaica,JSLC,2010,0.008,2.0,39.4,1.18,,0.30,0.20,1.02,1.53,0.73,0.82,,0.56,8,Child Mortality & Floor,,,,,,,,,,,,,,,,,,,,,,,,,,,,,,,,,
2016,JAM,Jamaica,JSLC,2012,0.007,1.8,39.1,0.90,,0.32,0.34,1.18,1.28,0.69,0.62,,0.59,8,Child Mortality & Floor,,,,,,,,,,,,,,,,,,,,,,,,,,,,,,,,,
2018,JAM,Jamaica,JSLC,2014,0.018,4.7,38.7,2.29,,0.69,1.22,2.50,3.38,1.76,1.57,2.92,1.06,9,Child mortality,,,,,,,,,,,,,,,,,,,,,,,,,,,,,,,,,
2010,JOR,Jordan,DHS,2007,0.010,2.7,38.1,1.79,1.61,0.24,1.74,0.06,0.28,0.37,0.18,0.03,0.17,10,,,,,,,,,,,,,,,,,,,,,,,,,,,,,,,,,,
2011,JOR,Jordan,DHS,2009,0.008,2.4,34.4,0.60,1.80,0.20,2.30,0.00,0.00,0.20,0.10,0.00,0.10,10,,,,,,,,,,,,,,,,,,,,,,,,,,,,,,,,,,
2015,JOR,Jordan,DHS,2012,0.006,1.7,35.0,1.21,1.41,0.13,0.71,0.00,0.01,0.13,0.08,0.03,0.01,10,,,,,,,,,,,,,,,,,,,,,,,,,,,,,,,,,,
2018,JOR,Jordan,DHS,2012,0.005,1.3,35.5,1.11,0.57,0.33,0.66,0.00,0.01,0.11,0.05,0.05,0.06,10,,,,,,,,,,,,,,,,,,,,,,,,,,,,,,,,,,
2019,JOR,Jordan,DHS,2017-2018,0.002,0.4,35.4,0.18,0.17,0.25,0.24,0.01,0.04,0.06,0.00,0.11,0.03,10,,,,,,,,,,,,,,,,,,,,,,,,,,,,,,,,,,
2011,KAZ,Kazakhstan,MICS,2006,0.002,0.6,36.9,0.20,0.50,0.00,0.20,0.50,0.10,0.30,0.00,0.00,0.30,10,,,,,,,,,,,,,,,,,,,,,,,,,,,,,,,,,,
2014,KAZ,Kazakhstan,MICS,2010-2011,0.001,0.2,36.2,0.05,0.12,0.03,0.10,0.06,0.03,0.06,0.01,0.02,0.04,10,,,,,,,,,,,,,,,,,,,,,,,,,,,,,,,,,,
2017,KAZ,Kazakhstan,MICS,2015,0.000,0.1,33.3,35.44,15.45,9.41,5.75,39.72,36.95,6.92,14.23,30.70,17.31,10,,,,,,,,,,,,,,,,,,,,,,,,,,,,,,,,,,
2018,KAZ,Kazakhstan,MICS,2015,0.002,0.5,35.6,0.45,0.42,0.00,0.03,0.03,0.00,0.06,0.00,0.09,0.00,10,,,,,,,,,,,,,,,,,,,,,,,,,,,,,,,,,,
2010,KEN,Kenya,DHS,2003,0.302,60.4,38.1,22.07,25.37,12.33,14.03,59.36,58.77,48.11,59.13,51.87,45.11,10,,,,,,,,,,,,,,,,,,,,,,,,,,,,,,,,,,
2011,KEN,Kenya,DHS,2008-2009,0.229,47.8,48.0,21.40,20.10,9.00,8.50,47.60,42.60,30.80,46.60,40.90,27.70,10,,,,,,,,,,,,,,,,,,,,,,,,,,,,,,,,,,
2016,KEN,Kenya,DHS,2014,0.187,39.9,47.0,17.02,20.08,5.80,5.18,39.49,34.72,29.03,38.30,32.84,18.73,10,,,,,,,,,,,,,,,,,,,,,,,,,,,,,,,,,,
2018,KEN,Kenya,DHS,2014,0.179,38.9,46.0,22.79,4.12,10.35,5.26,37.93,34.02,27.49,35.96,38.80,20.22,10,,,,,,,,,,,,,,,,,,,,,,,,,,,,,,,,,,
2020,KIR,Kiribati,MICS,2018-2019,0.080,19.80,40.48,10.24,4.31,0.38,5.44,15.12,16.20,8.04,15.18,19.17,9.47,10,,,,,,,,,,,,,,,,,,,,,,,,,,,,,,,,,,
2011,KGZ,Kyrgyzstan,MICS,2005-2006,0.019,4.9,38.8,2.10,,1.40,2.80,2.80,1.00,1.60,0.00,1.20,2.40,9,Child Mortality,,,,,,,,,,,,,,,,,,,,,,,,,,,,,,,,,
2015,KGZ,Kyrgyzstan,DHS,2012,0.007,2.0,36.4,1.52,1.39,0.01,0.88,0.91,0.11,0.48,0.04,0.40,0.01,10,,,,,,,,,,,,,,,,,,,,,,,,,,,,,,,,,,
2016,KGZ,Kyrgyzstan,MICS,2014,0.002,0.5,37.3,0.17,0.40,0.09,0.17,0.29,0.04,0.30,0.05,0.15,0.05,10,,,,,,,,,,,,,,,,,,,,,,,,,,,,,,,,,,
2018,KGZ,Kyrgyzstan,MICS,2014,0.008,2.3,36.3,2.00,0.63,0.22,0.43,1.62,0.04,1.47,0.05,1.89,0.05,10,,,,,,,,,,,,,,,,,,,,,,,,,,,,,,,,,,
2020,KGZ,Kyrgyzstan,MICS,2018,0.001,0.39,36.28,0.39,0.16,0.04,0.11,0.26,0.05,0.10,0.00,0.04,0.00,10,,,,,,,,,,,,,,,,,,,,,,,,,,,,,,,,,,
2011,LAO,Lao People's Democratic Republic,MICS,2006,0.267,47.2,56.5,22.30,,24.50,28.40,47.10,38.60,27.80,33.40,8.40,32.30,9,Child Mortality,,,,,,,,,,,,,,,,,,,,,,,,,,,,,,,,,
2014,LAO,Lao People's Democratic Republic,MICS/DHS,2011-2012,0.174,34.1,50.9,11.95,19.69,16.69,16.03,34.11,28.05,16.56,19.77,7.33,13.89,10,,,,,,,,,,,,,,,,,,,,,,,,,,,,,,,,,,
2019,LAO,Lao People's Democratic Republic,MICS,2017,0.108,23.1,47.0,12.04,1.93,16.65,9.13,22.90,17.19,10.44,6.07,12.02,7.12,10,,,,,,,,,,,,,,,,,,,,,,,,,,,,,,,,,,
2018,LAO,Laos,MICS-DHS,2011-2012,0.211,40.5,52.2,21.29,5.62,31.09,16.83,40.47,31.81,19.24,21.76,26.76,15.66,10,,,,,,,,,,,,,,,,,,,,,,,,,,,,,,,,,,
2011,LVA,Latvia,WHS,2003,0.006,1.6,37.9,1.60,,0.00,,0.10,0.80,0.00,0.00,,0.20,7,"Child School Attendance, Mortality & Floor",,,,,,,,,,,,,,,,,,,,,,,,,,,,,,,,,
2010,LSO,Lesotho,DHS,2004,0.220,48.1,38.1,5.79,15.77,13.34,18.01,42.79,44.75,25.47,47.98,31.69,44.78,10,,,,,,,,,,,,,,,,,,,,,,,,,,,,,,,,,,
2011,LSO,Lesotho,DHS,2009,0.156,35.3,44.1,5.30,12.40,9.60,10.80,32.80,31.20,18.40,34.60,23.00,26.00,10,,,,,,,,,,,,,,,,,,,,,,,,,,,,,,,,,,
2017,LSO,Lesotho,DHS,2014,0.140,32.0,43.9,13.33,12.61,6.03,5.65,29.17,20.60,18.36,30.41,20.89,20.07,10,,,,,,,,,,,,,,,,,,,,,,,,,,,,,,,,,,
2018,LSO,Lesotho,DHS,2014,0.146,33.6,43.5,14.61,3.53,12.99,5.84,31.12,21.87,18.08,32.65,27.19,21.27,10,,,,,,,,,,,,,,,,,,,,,,,,,,,,,,,,,,
2020,LSO,Lesotho,MICS,2018,0.084,19.60,43.03,9.58,1.48,5.52,3.66,,14.80,11.62,18.36,15.89,15.24,9,Cooking fuel,,,,,,,,,,,,,,,,,,,,,,,,,,,,,,,,,
2011,LBR,Liberia,DHS,2007,0.485,83.9,57.7,23.60,49.00,30.50,56.00,83.90,78.90,33.50,82.90,50.90,64.90,10,,,,,,,,,,,,,,,,,,,,,,,,,,,,,,,,,,
2015,LBR,Liberia,DHS,2013,0.374,71.2,52.5,27.11,44.91,24.21,24.16,71.17,64.65,29.52,68.00,40.49,38.65,10,,,,,,,,,,,,,,,,,,,,,,,,,,,,,,,,,,
2018,LBR,Liberia,DHS,2013,0.331,64.9,50.9,32.83,8.84,30.69,23.71,64.79,60.12,32.42,62.57,48.60,38.35,10,,,,,,,,,,,,,,,,,,,,,,,,,,,,,,,,,,
2015,LBY,Libya,PAPFAM,2007,0.006,1.5,37.0,0.65,0.97,0.39,1.08,0.00,0.28,0.26,0.02,0.09,0.13,10,,,,,,,,,,,,,,,,,,,,,,,,,,,,,,,,,,
2018,LBY,Libya,PAPFAM,2014,0.007,2.0,37.1,1.48,0.22,1.28,0.85,0.02,0.31,0.84,0.05,0.39,0.03,10,,,,,,,,,,,,,,,,,,,,,,,,,,,,,,,,,,
2010,MDG,Madagascar,DHS,2004,0.413,70.5,38.1,33.65,26.61,42.74,32.21,70.49,60.92,58.81,67.94,15.82,63.36,10,,,,,,,,,,,,,,,,,,,,,,,,,,,,,,,,,,
2011,MDG,Madagascar,DHS,2008-2009,0.357,66.9,53.3,11.90,23.70,47.30,26.00,66.90,66.50,49.40,65.00,13.50,53.70,10,,,,,,,,,,,,,,,,,,,,,,,,,,,,,,,,,,
2018,MDG,Madagascar,DHS,2008-2009,0.453,77.8,58.2,40.94,6.79,59.53,26.75,77.74,77.44,56.96,74.17,70.49,56.65,10,,,,,,,,,,,,,,,,,,,,,,,,,,,,,,,,,,
2020,MDG,Madagascar,MICS,2018,0.384,69.08,55.59,30.48,5.21,49.37,26.80,68.91,68.24,52.84,55.10,61.61,48.90,10,,,,,,,,,,,,,,,,,,,,,,,,,,,,,,,,,,
2011,MWI,Malawi,DHS,2004,0.381,72.1,52.8,19.60,33.50,29.10,22.50,72.00,71.60,44.00,71.10,64.20,48.00,10,,,,,,,,,,,,,,,,,,,,,,,,,,,,,,,,,,
2013,MWI,Malawi,DHS,2010,0.334,66.7,50.1,16.30,38.10,23.40,15.70,66.70,62.60,31.30,64.50,57.20,38.40,10,,,,,,,,,,,,,,,,,,,,,,,,,,,,,,,,,,
2015,MWI,Malawi,MICS,2013-2014,0.265,56.0,47.4,12.69,27.26,19.82,8.69,55.99,38.63,36.85,55.56,50.13,35.09,10,,,,,,,,,,,,,,,,,,,,,,,,,,,,,,,,,,
2017,MWI,Malawi,DHS,2015-2016,0.251,53.7,46.7,14.12,28.48,17.70,7.36,53.62,29.37,31.81,52.65,47.97,32.75,10,,,,,,,,,,,,,,,,,,,,,,,,,,,,,,,,,,
2018,MWI,Malawi,DHS,2015-2016,0.244,52.7,46.2,25.62,4.75,26.36,7.35,52.69,28.89,30.54,51.85,48.39,33.99,10,,,,,,,,,,,,,,,,,,,,,,,,,,,,,,,,,,
2011,MDV,Maldives,DHS,2009,0.018,5.2,35.6,4.40,4.50,0.50,1.00,0.90,0.40,0.20,0.00,0.10,0.10,10,,,,,,,,,,,,,,,,,,,,,,,,,,,,,,,,,,
2018,MDV,Maldives,DHS,2009,0.007,1.9,36.6,1.70,0.58,0.64,0.70,0.37,0.38,0.26,0.02,0.40,0.07,10,,,,,,,,,,,,,,,,,,,,,,,,,,,,,,,,,,
2019,MDV,Maldives,DHS,2016-2017,0.003,0.8,34.4,0.74,0.55,0.08,0.16,0.03,0.02,0.03,0.01,0.11,0.01,10,,,,,,,,,,,,,,,,,,,,,,,,,,,,,,,,,,
2011,MLI,Mali,DHS,2006,0.558,86.6,64.4,36.10,51.50,60.70,54.80,86.50,79.50,43.70,78.60,71.20,35.40,10,,,,,,,,,,,,,,,,,,,,,,,,,,,,,,,,,,
2015,MLI,Mali,DHS,2012-2013,0.457,77.7,58.9,32.25,36.13,51.16,47.92,77.35,65.02,34.84,66.87,63.77,12.53,10,,,,,,,,,,,,,,,,,,,,,,,,,,,,,,,,,,
2018,MLI,Mali,MICS,2015,0.457,78.1,58.5,43.35,17.19,56.62,57.49,77.72,58.03,35.19,53.93,68.07,5.92,10,,,,,,,,,,,,,,,,,,,,,,,,,,,,,,,,,,
2020,MLI,Mali,DHS,2018,0.376,68.33,55.03,32.31,11.84,46.42,46.47,67.70,52.05,33.71,43.52,60.48,8.32,10,,,,,,,,,,,,,,,,,,,,,,,,,,,,,,,,,,
2011,MRT,Mauritania,MICS,2007,0.352,61.7,57.1,19.00,26.60,36.00,31.50,53.40,54.50,45.40,53.00,44.90,43.20,10,,,,,,,,,,,,,,,,,,,,,,,,,,,,,,,,,,
2015,MRT,Mauritania,MICS,2011,0.285,52.2,54.6,18.88,17.74,28.32,26.47,44.42,45.60,38.02,44.48,39.33,26.77,10,,,,,,,,,,,,,,,,,,,,,,,,,,,,,,,,,,
2018,MRT,Mauritania,MICS,2015,0.261,50.6,51.6,26.73,5.08,21.88,29.95,43.22,41.89,31.22,43.29,43.32,16.06,10,,,,,,,,,,,,,,,,,,,,,,,,,,,,,,,,,,
2011,MEX,Mexico,ENSANUT,2006,0.015,4.0,38.9,0.70,1.50,2.10,1.50,2.80,2.10,0.60,0.60,2.20,2.20,10,,,,,,,,,,,,,,,,,,,,,,,,,,,,,,,,,,
2014,MEX,Mexico,ENSANUT,2012,0.011,2.8,38.8,1.10,0.52,1.22,1.06,2.13,1.96,1.22,0.36,0.80,1.41,10,,,,,,,,,,,,,,,,,,,,,,,,,,,,,,,,,,
2017,MEX,Mexico,MICS,2015,0.005,1.2,40.0,0.38,0.63,0.35,0.56,0.99,0.52,0.25,0.13,0.48,0.54,10,,,,,,,,,,,,,,,,,,,,,,,,,,,,,,,,,,
2018,MEX,Mexico,ENSANUT,2016,0.025,6.3,39.2,4.99,,1.32,0.77,2.42,2.16,1.17,0.14,1.43,1.07,9,Child mortality,,,,,,,,,,,,,,,,,,,,,,,,,,,,,,,,,
2018,MDA,Moldova,MICS,2012,0.004,0.9,37.4,0.19,0.00,0.69,0.20,0.60,0.72,0.58,0.06,0.55,0.56,10,,,,,,,,,,,,,,,,,,,,,,,,,,,,,,,,,,
2011,MDA,"Moldova, Republic of",DHS,2005,0.007,1.9,36.7,0.60,0.80,0.50,0.50,1.50,1.00,0.50,0.20,0.80,1.20,10,,,,,,,,,,,,,,,,,,,,,,,,,,,,,,,,,,
2015,MDA,"Moldova, Republic of",MICS,2012,0.003,0.8,35.9,0.11,0.24,0.37,0.14,0.42,0.60,0.55,0.03,0.22,0.52,10,,,,,,,,,,,,,,,,,,,,,,,,,,,,,,,,,,
2011,MNG,Mongolia,MICS,2005,0.065,15.8,41.0,2.20,8.60,2.10,3.90,15.70,13.70,11.60,7.30,8.10,9.50,10,,,,,,,,,,,,,,,,,,,,,,,,,,,,,,,,,,
2015,MNG,Mongolia,MICS,2010,0.037,9.2,40.7,0.94,5.24,1.59,1.24,9.07,8.24,6.88,6.77,6.31,2.89,10,,,,,,,,,,,,,,,,,,,,,,,,,,,,,,,,,,
2017,MNG,Mongolia,MICS,2013,0.041,9.9,41.0,0.59,5.50,3.43,0.96,9.70,9.89,7.05,6.52,7.29,1.27,10,,,,,,,,,,,,,,,,,,,,,,,,,,,,,,,,,,
2018,MNG,Mongolia,MICS,2013,0.043,10.2,41.6,3.69,2.49,4.36,0.96,9.90,10.17,6.56,5.81,8.71,1.12,10,,,,,,,,,,,,,,,,,,,,,,,,,,,,,,,,,,
2020,MNG,Mongolia,MICS,2018,0.028,7.26,38.75,2.81,0.74,2.90,1.63,6.94,7.03,4.76,0.78,6.15,0.73,10,,,,,,,,,,,,,,,,,,,,,,,,,,,,,,,,,,
2011,MNE,Montenegro,MICS,2005-2006,0.006,1.5,41.6,0.90,,0.70,0.80,0.90,0.40,0.20,0.00,0.00,0.10,9,Child Mortality,,,,,,,,,,,,,,,,,,,,,,,,,,,,,,,,,
2015,MNE,Montenegro,MICS,2013,0.001,0.3,46.4,0.00,0.10,0.20,0.23,0.23,0.17,0.02,0.14,0.04,0.07,10,,,,,,,,,,,,,,,,,,,,,,,,,,,,,,,,,,
2018,MNE,Montenegro,MICS,2013,0.002,0.4,45.7,0.09,0.16,0.25,0.23,0.31,0.18,0.05,0.14,0.17,0.08,10,,,,,,,,,,,,,,,,,,,,,,,,,,,,,,,,,,
2020,MNE,Montenegro,MICS,2018,0.005,1.24,39.64,0.95,0.76,0.34,0.31,1.11,0.17,0.01,0.05,0.29,0.05,10,,,,,,,,,,,,,,,,,,,,,,,,,,,,,,,,,,
2010,MAR,Morocco,DHS,2004,0.139,28.5,38.1,9.58,13.04,17.62,14.69,7.99,15.93,15.89,16.07,14.24,15.56,10,,,,,,,,,,,,,,,,,,,,,,,,,,,,,,,,,,
2011,MAR,Morocco,ENNVM,2007,0.048,10.6,45.3,4.00,,4.90,5.40,4.90,6.50,4.40,5.80,,5.10,8,Child Mortality & Floor,,,,,,,,,,,,,,,,,,,,,,,,,,,,,,,,,
2013,MAR,Morocco,LSMS,2007,0.048,10.6,45.3,4.00,,4.90,5.40,4.90,6.50,4.40,5.80,,5.10,8,Child Mortality & Floor,,,,,,,,,,,,,,,,,,,,,,,,,,,,,,,,,
2015,MAR,Morocco,PAPFAM,2010-2011,0.067,15.4,43.7,1.40,6.09,12.59,6.53,5.49,8.15,11.03,4.81,8.14,3.82,10,,,,,,,,,,,,,,,,,,,,,,,,,,,,,,,,,,
2018,MAR,Morocco,PAPFAM,2011,0.085,18.6,45.7,6.33,6.70,14.54,6.88,5.85,9.48,12.46,5.56,11.67,4.30,10,,,,,,,,,,,,,,,,,,,,,,,,,,,,,,,,,,
2010,MOZ,Mozambique,DHS,2003,0.481,79.8,38.1,22.56,39.31,55.59,40.33,79.56,52.46,57.15,77.76,69.12,55.84,10,,,,,,,,,,,,,,,,,,,,,,,,,,,,,,,,,,
2011,MOZ,Mozambique,DHS,2009,0.512,79.3,64.6,,55.60,45.90,27.60,78.70,63.20,44.10,72.00,66.40,43.80,9,Nutrition,,,,,,,,,,,,,,,,,,,,,,,,,,,,,,,,,
2014,MOZ,Mozambique,DHS,2011,0.389,69.6,55.9,18.12,30.10,38.14,29.76,69.55,61.82,50.64,65.28,61.88,42.45,10,,,,,,,,,,,,,,,,,,,,,,,,,,,,,,,,,,
2018,MOZ,Mozambique,DHS,2011,0.412,72.5,56.8,34.77,8.09,50.33,29.80,72.19,64.29,55.61,67.59,68.97,43.38,10,,,,,,,,,,,,,,,,,,,,,,,,,,,,,,,,,,
2011,MMR,Myanmar,MICS,2000,0.154,31.8,48.3,11.90,,15.50,16.30,,19.10,25.20,,5.40,23.70,7,"Mortality, Electricity & Cooking Fuel",,,,,,,,,,,,,,,,,,,,,,,,,,,,,,,,,
2017,MMR,Myanmar,DHS,2015-2016,0.134,30.1,44.6,13.71,11.74,12.18,8.45,29.05,22.23,11.30,21.62,5.05,14.01,10,,,,,,,,,,,,,,,,,,,,,,,,,,,,,,,,,,
2018,MMR,Myanmar,DHS,2015-2016,0.176,38.3,45.9,17.51,2.10,25.02,9.04,37.28,27.65,13.61,26.66,34.97,15.73,10,,,,,,,,,,,,,,,,,,,,,,,,,,,,,,,,,,
2011,NAM,Namibia,DHS,2006-2007,0.187,39.6,47.2,20.40,14.30,8.30,8.50,37.50,36.40,14.70,36.10,31.70,24.60,10,,,,,,,,,,,,,,,,,,,,,,,,,,,,,,,,,,
2015,NAM,Namibia,DHS,2013,0.193,42.0,46.0,30.31,14.50,5.14,8.17,38.15,37.54,20.23,36.72,24.31,16.28,10,,,,,,,,,,,,,,,,,,,,,,,,,,,,,,,,,,
2018,NAM,Namibia,DHS,2013,0.183,40.6,45.1,30.79,3.81,7.42,7.91,37.90,37.08,20.64,36.51,31.38,16.04,10,,,,,,,,,,,,,,,,,,,,,,,,,,,,,,,,,,
2011,NPL,Nepal,DHS,2006,0.350,64.7,54.0,40.30,30.00,29.20,15.60,63.40,56.30,14.40,43.40,60.10,46.70,10,,,,,,,,,,,,,,,,,,,,,,,,,,,,,,,,,,
2013,NPL,Nepal,DHS,2011,0.217,44.2,49.0,25.30,18.60,20.30,8.10,43.00,38.00,8.80,20.10,41.80,21.70,10,,,,,,,,,,,,,,,,,,,,,,,,,,,,,,,,,,
2016,NPL,Nepal,MICS,2014,0.126,28.6,44.2,12.06,9.44,13.44,7.29,28.15,18.65,5.20,9.86,27.09,11.92,10,,,,,,,,,,,,,,,,,,,,,,,,,,,,,,,,,,
2018,NPL,Nepal,DHS,2016,0.154,35.3,43.6,27.55,2.19,19.54,4.85,33.89,20.50,4.47,7.76,32.96,14.58,10,,,,,,,,,,,,,,,,,,,,,,,,,,,,,,,,,,
2010,NIC,Nicaragua,DHS,2001,0.211,40.7,38.1,6.60,14.68,21.94,21.62,39.47,36.00,24.70,25.42,30.49,29.61,10,,,,,,,,,,,,,,,,,,,,,,,,,,,,,,,,,,
2011,NIC,Nicaragua,DHS,2006-2007,0.128,28.0,45.7,2.70,7.70,13.70,7.70,27.40,27.70,20.40,18.30,21.90,19.10,10,,,,,,,,,,,,,,,,,,,,,,,,,,,,,,,,,,
2014,NIC,Nicaragua,DHS,2011-2012,0.072,16.1,45.0,1.70,4.30,8.43,8.23,15.46,5.09,11.92,8.93,12.96,7.98,10,,,,,,,,,,,,,,,,,,,,,,,,,,,,,,,,,,
2018,NIC,Nicaragua,DHS,2011-2012,0.074,16.3,45.2,4.28,0.69,12.40,3.68,16.06,6.08,13.51,11.43,13.36,9.02,10,,,,,,,,,,,,,,,,,,,,,,,,,,,,,,,,,,
2011,NER,Niger,DHS,2006,0.642,92.4,69.4,24.90,57.80,66.30,69.90,92.30,89.30,64.10,87.40,85.30,80.20,10,,,,,,,,,,,,,,,,,,,,,,,,,,,,,,,,,,
2014,NER,Niger,DHS,2012,0.605,89.3,67.7,46.63,53.98,59.07,57.55,89.17,83.11,51.36,81.50,79.83,51.68,10,,,,,,,,,,,,,,,,,,,,,,,,,,,,,,,,,,
2018,NER,Niger,DHS,2012,0.591,90.6,65.3,53.24,19.16,74.43,57.71,89.98,84.37,59.89,82.21,88.54,45.96,10,,,,,,,,,,,,,,,,,,,,,,,,,,,,,,,,,,
2010,NGA,Nigeria,DHS,2003,0.368,63.5,38.1,30.17,41.47,25.41,30.48,60.54,62.23,49.93,41.82,32.32,32.30,10,,,,,,,,,,,,,,,,,,,,,,,,,,,,,,,,,,
2011,NGA,Nigeria,DHS,2008,0.310,54.1,57.3,26.30,33.50,23.20,27.00,52.80,39.60,35.70,41.00,33.20,25.50,10,,,,,,,,,,,,,,,,,,,,,,,,,,,,,,,,,,
2014,NGA,Nigeria,MICS,2011,0.240,43.3,55.3,18.46,26.95,19.71,19.71,42.22,35.17,28.19,30.96,25.39,15.15,10,,,,,,,,,,,,,,,,,,,,,,,,,,,,,,,,,,
2015,NGA,Nigeria,DHS,2013,0.303,53.2,56.8,29.19,30.91,24.43,26.73,51.49,37.71,32.95,37.58,32.95,18.37,10,,,,,,,,,,,,,,,,,,,,,,,,,,,,,,,,,,
2018,NGA,Nigeria,MICS,2016-2017,0.294,52.0,56.7,35.71,12.14,25.71,31.17,50.93,39.20,31.17,37.89,39.01,17.58,10,,,,,,,,,,,,,,,,,,,,,,,,,,,,,,,,,,
2020,NGA,Nigeria,DHS,2018,0.254,46.42,54.81,33.80,13.35,19.46,23.62,45.50,36.05,25.28,32.04,32.82,15.52,10,,,,,,,,,,,,,,,,,,,,,,,,,,,,,,,,,,
2011,PAK,Pakistan,DHS,2006-2007,0.264,49.4,53.4,,30.10,19.00,29.80,40.50,32.10,6.90,8.80,35.10,25.10,9,Nutrition,,,,,,,,,,,,,,,,,,,,,,,,,,,,,,,,,
2014,PAK,Pakistan,DHS,2012-2013,0.230,44.2,52.1,26.19,25.34,16.12,27.35,37.86,27.08,7.26,6.23,32.94,18.21,10,,,,,,,,,,,,,,,,,,,,,,,,,,,,,,,,,,
2018,PAK,Pakistan,DHS,2012-2013,0.228,43.9,52.0,30.67,8.62,25.55,27.24,37.77,29.01,8.97,6.28,35.58,17.22,10,,,,,,,,,,,,,,,,,,,,,,,,,,,,,,,,,,
2019,PAK,Pakistan,DHS,2017-2018,0.198,38.3,51.7,26.98,5.87,24.82,24.32,31.24,21.69,7.94,7.14,30.64,12.20,10,,,,,,,,,,,,,,,,,,,,,,,,,,,,,,,,,,
2010,PSE,"Palestine, State of",MICS,2006,0.003,0.7,38.1,0.33,0.00,0.37,0.62,0.02,0.01,0.04,0.04,0.52,0.16,10,,,,,,,,,,,,,,,,,,,,,,,,,,,,,,,,,,
2011,PSE,"Palestine, State of",PAPFAM,2006-2007,0.005,1.4,37.3,0.40,1.30,0.00,1.00,0.10,0.20,0.60,0.00,0.00,0.10,10,,,,,,,,,,,,,,,,,,,,,,,,,,,,,,,,,,
2015,PSE,"Palestine, State of",MICS,2010,0.006,1.5,38.3,0.64,1.25,0.10,0.86,0.16,0.38,0.89,0.24,0.12,0.30,10,,,,,,,,,,,,,,,,,,,,,,,,,,,,,,,,,,
2016,PSE,"Palestine, State of",MICS,2014,0.004,1.1,38.0,0.26,0.97,0.08,0.81,0.21,0.06,0.57,0.02,0.00,0.19,10,,,,,,,,,,,,,,,,,,,,,,,,,,,,,,,,,,
2018,PSE,"Palestine, State of",MICS,2014,0.004,1.0,37.6,0.72,0.50,0.11,0.59,0.10,0.10,0.49,0.02,0.03,0.20,10,,,,,,,,,,,,,,,,,,,,,,,,,,,,,,,,,,
2020,PNG,Papua New Guinea,DHS,2016-2018,0.263,56.63,46.49,,3.64,19.49,27.99,56.26,50.80,44.93,55.26,52.70,49.70,9,Nutrition,,,,,,,,,,,,,,,,,,,,,,,,,,,,,,,,,
2011,PRY,Paraguay,WHS,2002-2003,0.064,13.3,48.5,2.70,4.60,6.80,,12.40,11.20,8.80,4.50,7.50,8.70,9,Child School Attendance,,,,,,,,,,,,,,,,,,,,,,,,,,,,,,,,,
2018,PRY,Paraguay,MICS,2016,0.019,4.6,42.0,1.31,0.44,2.90,1.51,4.30,3.84,1.86,1.06,3.73,1.30,10,,,,,,,,,,,,,,,,,,,,,,,,,,,,,,,,,,
2011,PER,Peru,DHS,2004,0.086,19.9,43.2,1.50,8.20,4.70,3.40,19.20,19.40,14.10,15.80,17.20,15.80,10,,,,,,,,,,,,,,,,,,,,,,,,,,,,,,,,,,
2013,PER,Peru,DHS - Cont.,2008,0.066,15.7,42.2,1.90,6.40,5.00,2.40,15.10,12.70,9.50,10.00,14.10,11.20,10,,,,,,,,,,,,,,,,,,,,,,,,,,,,,,,,,,
2014,PER,Peru,DHS-Cont,2012,0.043,10.5,41.0,1.77,4.42,3.41,1.92,9.78,9.12,5.21,4.98,9.01,4.91,10,,,,,,,,,,,,,,,,,,,,,,,,,,,,,,,,,,
2018,PER,Peru,DHS,2012,0.052,12.4,41.5,5.43,0.62,5.56,1.89,11.35,11.02,5.94,5.88,12.26,5.90,10,,,,,,,,,,,,,,,,,,,,,,,,,,,,,,,,,,
2020,PER,Peru,ENDES,2018,0.029,7.37,39.59,2.39,0.36,3.28,2.16,6.08,6.25,3.07,2.28,7.11,3.17,10,,,,,,,,,,,,,,,,,,,,,,,,,,,,,,,,,,
2010,PHL,Philippines,DHS,2003,0.067,12.6,53.3,,10.16,2.30,4.75,,7.77,4.17,7.70,3.33,9.44,8,Nutrition & Cooking Fuel,,,,,,,,,,,,,,,,,,,,,,,,,,,,,,,,,
2011,PHL,Philippines,DHS,2008,0.064,13.4,47.4,,10.80,3.00,,11.00,6.10,2.90,4.30,1.80,5.60,8,Child School Attendance & Nutrition,,,,,,,,,,,,,,,,,,,,,,,,,,,,,,,,,
2015,PHL,Philippines,DHS,2013,0.052,11.0,47.3,,8.81,2.55,,9.18,5.27,1.64,3.36,1.91,4.32,8,Child School Attendance & Nutrition,,,,,,,,,,,,,,,,,,,,,,,,,,,,,,,,,
2018,PHL,Philippines,DHS,2013,0.038,7.4,51.8,,2.56,4.43,,6.81,4.48,2.47,3.68,5.25,4.39,8,Nutrition School attendance,,,,,,,,,,,,,,,,,,,,,,,,,,,,,,,,,
2019,PHL,Philippines,DHS,2017,0.024,5.8,41.8,,1.48,2.95,1.57,5.20,3.62,1.98,2.53,4.43,3.47,9,Nutrition,,,,,,,,,,,,,,,,,,,,,,,,,,,,,,,,,
2011,RUS,Russian Federation,WHS,2003,0.005,1.3,38.9,0.00,0.00,1.20,,0.10,0.40,0.10,0.00,0.00,0.50,9,Child School Attendance,,,,,,,,,,,,,,,,,,,,,,,,,,,,,,,,,
2011,RWA,Rwanda,DHS,2005,0.426,80.2,53.2,11.70,40.20,37.60,20.70,80.20,65.70,63.50,79.20,74.80,73.70,10,,,,,,,,,,,,,,,,,,,,,,,,,,,,,,,,,,
2013,RWA,Rwanda,DHS,2010,0.350,69.0,50.8,28.50,36.50,29.40,11.50,68.90,29.30,38.40,67.00,63.00,45.90,10,,,,,,,,,,,,,,,,,,,,,,,,,,,,,,,,,,
2016,RWA,Rwanda,DHS,2014-2015,0.259,53.8,48.1,14.05,24.57,22.31,10.33,53.70,26.81,38.27,49.16,49.29,34.60,10,,,,,,,,,,,,,,,,,,,,,,,,,,,,,,,,,,
2018,RWA,Rwanda,DHS,2014-2015,0.266,55.8,47.7,19.97,3.63,36.74,10.66,55.72,28.64,39.69,51.25,52.77,37.92,10,,,,,,,,,,,,,,,,,,,,,,,,,,,,,,,,,,
2015,LCA,Saint Lucia,MICS,2012,0.003,1.0,35.4,0.83,,0.13,0.00,0.13,0.35,0.00,0.13,0.00,0.13,9,Child Mortality,,,,,,,,,,,,,,,,,,,,,,,,,,,,,,,,,
2018,LCA,Saint Lucia,MICS,2012,0.007,1.9,37.5,1.50,,0.33,0.00,0.33,0.71,0.15,0.31,1.10,0.38,9,Child mortality,,,,,,,,,,,,,,,,,,,,,,,,,,,,,,,,,
2010,STP,Sao Tome and Principe,MICS,2000,0.236,51.6,38.1,7.67,24.23,30.00,12.67,50.09,48.91,21.88,36.19,0.27,44.47,10,,,,,,,,,,,,,,,,,,,,,,,,,,,,,,,,,,
2011,STP,Sao Tome and Principe,DHS,2008-2009,0.154,34.5,44.7,10.10,15.30,18.30,8.30,31.30,29.60,9.40,25.70,0.50,24.50,10,,,,,,,,,,,,,,,,,,,,,,,,,,,,,,,,,,
2017,STP,Sao Tome and Principe,MICS,2014,0.081,19.3,42.2,4.33,8.33,10.46,4.49,13.09,17.28,8.36,13.55,0.21,11.28,10,,,,,,,,,,,,,,,,,,,,,,,,,,,,,,,,,,
2018,STP,Sao Tome and Principe,MICS,2014,0.092,22.1,41.7,8.53,1.82,15.35,5.31,15.10,19.72,8.98,15.22,0.96,13.06,10,,,,,,,,,,,,,,,,,,,,,,,,,,,,,,,,,,
2011,SEN,Senegal,DHS,2005,0.384,66.9,57.4,12.50,44.00,38.50,50.20,53.20,51.40,31.70,49.00,32.60,38.10,10,,,,,,,,,,,,,,,,,,,,,,,,,,,,,,,,,,
2013,SEN,Senegal,DHS,2010-2011,0.439,74.4,58.9,58.50,48.30,30.70,53.00,60.80,47.90,22.60,40.40,32.30,13.80,10,,,,,,,,,,,,,,,,,,,,,,,,,,,,,,,,,,
2015,SEN,Senegal,DHS-Cont,2012-2013,0.332,59.8,55.5,23.79,33.71,27.68,49.05,55.89,39.58,24.46,40.29,23.29,11.64,10,,,,,,,,,,,,,,,,,,,,,,,,,,,,,,,,,,
2015,SEN,Senegal,DHS Cont.,2014,0.309,56.9,54.3,19.78,33.93,26.07,46.87,52.24,34.00,19.43,34.37,24.70,10.92,10,,,,,,,,,,,,,,,,,,,,,,,,,,,,,,,,,,
2017,SEN,Senegal,DHS,2015,0.331,59.0,56.0,22.61,35.46,28.45,48.51,55.40,38.59,25.92,37.07,20.43,12.67,10,,,,,,,,,,,,,,,,,,,,,,,,,,,,,,,,,,
2018,SEN,Senegal,DHS,2016,0.293,54.4,53.9,27.48,10.25,34.95,45.34,49.67,35.92,16.87,33.00,31.50,7.25,10,,,,,,,,,,,,,,,,,,,,,,,,,,,,,,,,,,
2019,SEN,Senegal,DHS,2017,0.288,53.2,54.2,29.13,9.04,32.68,44.86,49.77,32.25,20.31,33.28,29.66,5.98,10,,,,,,,,,,,,,,,,,,,,,,,,,,,,,,,,,,
2011,SRB,Serbia,MICS,2005-2006,0.003,0.8,40.0,0.40,,0.40,0.20,0.70,0.20,0.10,0.10,0.40,0.30,9,Child Mortality,,,,,,,,,,,,,,,,,,,,,,,,,,,,,,,,,
2014,SRB,Serbia,MICS,2010,0.000,0.1,40.2,0.01,0.06,0.04,0.04,0.10,0.02,0.01,0.03,0.06,0.05,10,,,,,,,,,,,,,,,,,,,,,,,,,,,,,,,,,,
2015,SRB,Serbia,MICS,2014,0.001,0.2,40.5,0.04,0.02,0.20,0.08,0.23,0.16,0.02,0.07,0.12,0.11,10,,,,,,,,,,,,,,,,,,,,,,,,,,,,,,,,,,
2018,SRB,Serbia,MICS,2014,0.001,0.3,42.5,0.14,0.03,0.26,0.11,0.30,0.21,0.03,0.08,0.21,0.12,10,,,,,,,,,,,,,,,,,,,,,,,,,,,,,,,,,,
2020,SYC,Seychelles,QLFS,2019,0.003,0.87,34.23,0.58,0.61,0.29,,,0.02,0.00,0.00,0.00,0.03,8,School attendance & Cooking fuel,,,,,,,,,,,,,,,,,,,,,,,,,,,,,,,,,
2010,SLE,Sierra Leone,MICS,2005,0.489,81.5,38.1,22.02,49.44,46.43,33.46,81.47,77.51,52.26,77.92,62.50,74.78,10,,,,,,,,,,,,,,,,,,,,,,,,,,,,,,,,,,
2011,SLE,Sierra Leone,DHS,2008,0.439,77.0,57.0,11.70,39.10,41.60,41.50,76.90,71.10,50.30,74.40,56.50,59.70,10,,,,,,,,,,,,,,,,,,,,,,,,,,,,,,,,,,
2014,SLE,Sierra Leone,MICS,2010,0.388,72.5,53.5,16.03,40.71,30.39,28.01,72.53,68.35,40.53,70.79,50.88,49.57,10,,,,,,,,,,,,,,,,,,,,,,,,,,,,,,,,,,
2015,SLE,Sierra Leone,DHS,2013,0.464,81.0,57.3,33.99,53.70,31.75,32.59,80.81,75.64,44.92,77.03,55.25,46.34,10,,,,,,,,,,,,,,,,,,,,,,,,,,,,,,,,,,
2018,SLE,Sierra Leone,DHS,2013,0.422,76.5,55.2,42.76,16.28,37.60,32.41,76.37,72.01,47.00,73.03,58.37,45.51,10,,,,,,,,,,,,,,,,,,,,,,,,,,,,,,,,,,
2019,SLE,Sierra Leone,MICS,2017,0.297,57.9,51.2,25.33,7.86,33.04,18.49,57.60,54.16,33.84,54.23,43.11,36.97,10,,,,,,,,,,,,,,,,,,,,,,,,,,,,,,,,,,
2011,SVK,Slovakia,WHS,2003,0.000,0.0,0.0,0.00,0.00,0.00,,0.00,0.00,0.00,0.00,0.00,0.00,9,Child School Attendance,,,,,,,,,,,,,,,,,,,,,,,,,,,,,,,,,
2011,SVN,Slovenia,WHS,2003,0.000,0.0,0.0,0.00,0.00,0.00,,0.00,0.00,0.00,0.00,0.00,0.00,9,Child School Attendance,,,,,,,,,,,,,,,,,,,,,,,,,,,,,,,,,
2011,SOM,Somalia,MICS,2006,0.514,81.2,63.3,30.00,27.40,61.80,43.50,81.00,69.10,70.00,75.80,64.40,76.20,10,,,,,,,,,,,,,,,,,,,,,,,,,,,,,,,,,,
2018,SOM,Somalia,MICS,2006,0.518,82.2,62.9,41.64,12.18,64.49,44.02,82.08,69.53,71.75,76.45,70.99,73.79,10,,,,,,,,,,,,,,,,,,,,,,,,,,,,,,,,,,
2010,ZAF,South Africa,WHS,2003,0.014,3.1,38.1,0.86,0.15,2.49,,1.79,1.99,0.78,,1.40,0.58,8,Child School Attendance & Electricity,,,,,,,,,,,,,,,,,,,,,,,,,,,,,,,,,
2011,ZAF,South Africa,NIDS,2008,0.057,13.4,42.3,5.80,11.30,1.80,0.80,8.00,9.60,4.60,8.20,,5.20,9,Floor,,,,,,,,,,,,,,,,,,,,,,,,,,,,,,,,,
2014,ZAF,South Africa,NIDS,2012,0.044,11.1,39.5,5.37,9.54,1.00,0.64,6.54,7.46,3.35,4.90,3.72,3.19,10,,,,,,,,,,,,,,,,,,,,,,,,,,,,,,,,,,
2017,ZAF,South Africa,NIDS,2014-2015,0.036,9.2,39.1,4.81,7.47,0.64,0.50,5.73,5.43,3.43,4.19,2.44,3.18,10,,,,,,,,,,,,,,,,,,,,,,,,,,,,,,,,,,
2018,ZAF,South Africa,NIDS,2014-2015,0.021,5.6,38.4,4.51,1.38,0.81,0.55,3.30,3.83,2.32,2.93,2.00,2.51,10,,,,,,,,,,,,,,,,,,,,,,,,,,,,,,,,,,
2019,ZAF,South Africa,DHS,2016,0.025,6.3,39.8,4.65,1.24,1.56,0.39,4.43,2.06,3.80,3.55,4.16,3.24,10,,,,,,,,,,,,,,,,,,,,,,,,,,,,,,,,,,
2015,SSD,South Sudan,MICS,2010,0.557,91.1,61.2,22.52,19.96,63.11,70.96,90.69,86.03,58.48,88.73,81.55,68.19,10,,,,,,,,,,,,,,,,,,,,,,,,,,,,,,,,,,
2018,SSD,South Sudan,MICS,2010,0.581,91.9,63.2,36.09,13.00,66.81,70.91,91.48,86.47,58.72,89.63,90.82,68.21,10,,,,,,,,,,,,,,,,,,,,,,,,,,,,,,,,,,
2011,LKA,Sri Lanka,WHS,2003,0.021,5.3,38.7,4.10,0.30,0.40,,5.30,2.60,3.00,3.50,2.50,4.80,9,Child School Attendance,,,,,,,,,,,,,,,,,,,,,,,,,,,,,,,,,
2020,LKA,Sri Lanka,SLDHS,2016,0.011,2.92,38.29,2.03,0.15,0.97,0.67,2.68,1.39,1.25,0.74,1.46,1.14,10,,,,,,,,,,,,,,,,,,,,,,,,,,,,,,,,,,
2015,SDN,Sudan,MICS,2010,0.321,57.8,55.6,21.00,20.24,27.11,29.40,50.84,51.76,41.14,48.64,57.10,35.72,10,,,,,,,,,,,,,,,,,,,,,,,,,,,,,,,,,,
2017,SDN,Sudan,MICS,2014,0.287,53.4,53.7,23.86,16.59,23.85,22.08,44.66,46.52,36.47,42.89,52.21,33.93,10,,,,,,,,,,,,,,,,,,,,,,,,,,,,,,,,,,
2018,SDN,Sudan,MICS,2014,0.280,52.4,53.4,29.75,5.71,27.02,21.88,43.88,46.10,35.85,42.62,51.93,30.28,10,,,,,,,,,,,,,,,,,,,,,,,,,,,,,,,,,,
2010,SUR,Suriname,MICS,2000,0.044,7.5,38.1,2.22,3.31,6.17,5.19,,6.00,4.83,,3.31,,7,"Electricity, Cooking Fuel & Assets",,,,,,,,,,,,,,,,,,,,,,,,,,,,,,,,,
2011,SUR,Suriname,MICS,2006,0.039,8.2,47.2,1.60,2.70,5.80,2.50,5.30,6.50,5.20,4.00,3.80,6.50,10,,,,,,,,,,,,,,,,,,,,,,,,,,,,,,,,,,
2014,SUR,Suriname,MICS,2010,0.024,5.9,40.8,2.44,,3.40,1.10,3.07,3.71,2.11,1.64,1.93,2.62,9,Child Mortality,,,,,,,,,,,,,,,,,,,,,,,,,,,,,,,,,
2018,SUR,Suriname,MICS,2010,0.041,9.4,43.4,5.59,,4.92,1.31,3.96,5.35,2.80,2.43,3.21,3.34,9,Child mortality,,,,,,,,,,,,,,,,,,,,,,,,,,,,,,,,,
2020,SUR,Suriname,MICS,2018,0.011,2.85,39.36,1.01,0.36,1.89,1.07,1.14,1.83,0.46,0.94,1.24,1.64,10,,,,,,,,,,,,,,,,,,,,,,,,,,,,,,,,,,
2011,SYR,Syria,MICS,2006,0.021,5.5,37.5,2.10,3.20,1.30,4.40,0.10,1.00,1.70,0.20,1.00,0.50,10,,,,,,,,,,,,,,,,,,,,,,,,,,,,,,,,,,
2015,SYR,Syria,PAPFAM,2009,0.016,4.4,37.4,1.56,1.74,2.09,3.36,0.09,0.89,0.89,0.03,1.06,0.30,10,,,,,,,,,,,,,,,,,,,,,,,,,,,,,,,,,,
2018,SYR,Syria,PAPFAM,2009,0.029,7.4,38.9,4.61,2.43,3.69,4.78,0.15,1.44,1.55,0.12,1.56,0.49,10,,,,,,,,,,,,,,,,,,,,,,,,,,,,,,,,,,
2011,TJK,Tajikistan,MICS,2005,0.068,17.1,40.0,6.30,12.20,0.10,7.60,10.10,3.40,10.50,0.30,12.00,8.40,10,,,,,,,,,,,,,,,,,,,,,,,,,,,,,,,,,,
2014,TJK,Tajikistan,DHS,2012,0.054,13.2,40.8,8.85,8.05,0.26,6.60,7.38,1.30,6.93,0.61,7.56,1.86,10,,,,,,,,,,,,,,,,,,,,,,,,,,,,,,,,,,
2018,TJK,Tajikistan,DHS,2012,0.049,12.1,40.4,10.30,2.77,0.35,6.21,7.93,1.25,7.47,0.54,10.22,1.66,10,,,,,,,,,,,,,,,,,,,,,,,,,,,,,,,,,,
2019,TJK,Tajikistan,DHS,2017,0.029,7.4,39.0,6.22,2.09,0.12,4.48,3.46,0.32,3.59,0.10,5.68,0.31,10,,,,,,,,,,,,,,,,,,,,,,,,,,,,,,,,,,
2011,TZA,Tanzania,DHS,2008,0.367,65.2,56.3,,35.60,13.40,24.10,65.00,64.10,47.30,62.60,55.50,40.60,9,Nutrition,,,,,,,,,,,,,,,,,,,,,,,,,,,,,,,,,
2013,TZA,Tanzania,DHS,2010,0.332,65.6,50.7,22.70,29.90,11.40,25.10,65.40,61.40,49.50,63.90,55.80,35.00,10,,,,,,,,,,,,,,,,,,,,,,,,,,,,,,,,,,
2017,TZA,Tanzania,DHS,2015-2016,0.284,56.6,50.2,18.75,23.78,9.72,25.63,56.42,52.89,43.02,54.19,45.55,26.03,10,,,,,,,,,,,,,,,,,,,,,,,,,,,,,,,,,,
2018,TZA,Tanzania,DHS,2015-2016,0.275,55.6,49.4,28.90,6.25,12.16,25.47,55.45,52.32,42.33,53.71,46.36,25.85,10,,,,,,,,,,,,,,,,,,,,,,,,,,,,,,,,,,
2011,MKD,TFYR of Macedonia,MICS,2005-2006,0.008,1.9,40.9,0.10,0.50,1.40,1.50,1.50,0.80,0.40,0.20,0.60,0.50,10,,,,,,,,,,,,,,,,,,,,,,,,,,,,,,,,,,
2014,MKD,TFYR of Macedonia,MICS,2011,0.002,0.7,35.7,0.31,,0.33,0.08,0.51,0.31,0.03,0.04,0.15,0.21,9,Child Mortality,,,,,,,,,,,,,,,,,,,,,,,,,,,,,,,,,
2018,MKD,TFYR of Macedonia,MICS,2011,0.010,2.5,37.7,1.79,,0.46,0.51,1.61,0.83,0.07,0.04,0.81,0.16,9,Child mortality,,,,,,,,,,,,,,,,,,,,,,,,,,,,,,,,,
2011,THA,Thailand,MICS,2005-2006,0.006,1.6,38.5,0.50,0.70,1.10,0.40,1.20,0.50,0.50,0.10,0.30,0.50,10,,,,,,,,,,,,,,,,,,,,,,,,,,,,,,,,,,
2017,THA,Thailand,MICS,2012,0.003,0.9,36.7,0.38,0.37,0.62,0.17,0.49,0.11,0.25,0.07,0.03,0.20,10,,,,,,,,,,,,,,,,,,,,,,,,,,,,,,,,,,
2018,THA,Thailand,MICS,2015-2016,0.003,0.8,39.1,0.38,0.27,0.61,0.26,0.33,0.16,0.08,0.08,0.19,0.12,10,,,,,,,,,,,,,,,,,,,,,,,,,,,,,,,,,,
2011,TLS,Timor-Leste,DHS,2009-2010,0.360,68.1,52.9,43.50,23.40,16.00,30.00,67.60,47.60,35.70,53.30,51.20,54.20,10,,,,,,,,,,,,,,,,,,,,,,,,,,,,,,,,,,
2018,TLS,Timor-Leste,DHS,2016,0.211,46.0,45.8,31.59,3.97,15.78,14.70,44.78,31.10,18.22,18.93,39.91,28.51,10,,,,,,,,,,,,,,,,,,,,,,,,,,,,,,,,,,
2011,TGO,Togo,MICS,2006,0.284,54.3,52.4,17.30,26.10,23.70,24.60,54.20,52.90,33.40,49.70,18.10,28.60,10,,,,,,,,,,,,,,,,,,,,,,,,,,,,,,,,,,
2014,TGO,Togo,MICS,2010,0.250,49.8,50.3,11.84,28.52,23.04,14.84,49.67,48.61,32.67,45.74,14.78,24.42,10,,,,,,,,,,,,,,,,,,,,,,,,,,,,,,,,,,
2015,TGO,Togo,DHS,2013-2014,0.252,50.1,50.4,18.80,30.73,17.72,15.62,49.94,48.65,34.24,43.38,11.31,17.98,10,,,,,,,,,,,,,,,,,,,,,,,,,,,,,,,,,,
2018,TGO,Togo,DHS,2013-2014,0.250,48.4,51.6,24.14,8.59,26.54,15.80,48.19,47.29,33.40,42.13,33.91,19.50,10,,,,,,,,,,,,,,,,,,,,,,,,,,,,,,,,,,
2020,TGO,Togo,MICS,2017,0.180,37.61,47.75,17.65,4.92,19.06,11.25,37.42,35.95,22.51,29.69,24.80,14.28,10,,,,,,,,,,,,,,,,,,,,,,,,,,,,,,,,,,
2011,TTO,Trinidad and Tobago,MICS,2006,0.020,5.6,35.1,,5.60,0.00,0.10,0.00,0.50,0.30,0.30,0.20,0.20,9,Nutrition,,,,,,,,,,,,,,,,,,,,,,,,,,,,,,,,,
2018,TTO,Trinidad and Tobago,MICS,2011,0.002,0.6,38.0,0.26,0.40,0.33,0.17,0.01,0.08,0.08,0.23,0.32,0.17,10,,,,,,,,,,,,,,,,,,,,,,,,,,,,,,,,,,
2011,TUN,Tunisia,WHS,2003,0.010,2.8,37.1,1.20,1.80,0.80,,0.50,1.40,1.20,0.20,0.40,1.50,9,Child School Attendance,,,,,,,,,,,,,,,,,,,,,,,,,,,,,,,,,
2014,TUN,Tunisia,MICS,2011-2012,0.004,1.2,38.5,0.14,0.54,0.71,0.58,0.22,0.66,0.54,0.20,0.07,0.43,10,,,,,,,,,,,,,,,,,,,,,,,,,,,,,,,,,,
2018,TUN,Tunisia,MICS,2011-2012,0.005,1.3,39.7,0.62,0.19,1.07,0.51,0.24,0.65,0.64,0.17,0.12,0.46,10,,,,,,,,,,,,,,,,,,,,,,,,,,,,,,,,,,
2020,TUN,Tunisia,MICS,2018,0.003,0.79,36.49,0.37,0.06,0.69,0.38,0.02,0.24,0.21,0.04,0.07,0.15,10,,,,,,,,,,,,,,,,,,,,,,,,,,,,,,,,,,
2011,TUR,Turkey,DHS,2003,0.028,6.6,42.0,1.40,5.00,1.50,5.50,,3.20,2.00,0.00,1.40,1.30,9,Cooking Fuel,,,,,,,,,,,,,,,,,,,,,,,,,,,,,,,,,
2016,TKM,Turkmenistan,MICS,2006,0.025,6.7,37.4,1.87,4.94,0.54,5.38,0.30,0.44,3.75,0.03,1.05,1.01,10,,,,,,,,,,,,,,,,,,,,,,,,,,,,,,,,,,
2017,TKM,Turkmenistan,MICS,2015-2016,0.001,0.3,34.1,0.20,0.29,0.00,0.14,0.00,0.04,0.06,0.00,0.03,0.00,10,,,,,,,,,,,,,,,,,,,,,,,,,,,,,,,,,,
2018,TKM,Turkmenistan,MICS,2015-2016,0.001,0.4,36.1,0.40,0.36,0.00,0.04,0.00,0.06,0.11,0.00,0.04,0.00,10,,,,,,,,,,,,,,,,,,,,,,,,,,,,,,,,,,
2011,UGA,Uganda,DHS,2006,0.367,72.3,50.7,8.40,41.30,20.80,20.40,72.30,69.10,60.30,71.40,65.10,50.10,10,,,,,,,,,,,,,,,,,,,,,,,,,,,,,,,,,,
2013,UGA,Uganda,DHS,2011,0.367,69.9,52.5,33.30,41.70,18.90,15.40,69.80,59.50,44.50,68.00,60.60,30.20,10,,,,,,,,,,,,,,,,,,,,,,,,,,,,,,,,,,
2018,UGA,Uganda,DHS,2016,0.279,56.8,49.1,34.17,5.57,22.58,13.76,56.43,50.00,41.90,49.92,49.18,26.42,10,,,,,,,,,,,,,,,,,,,,,,,,,,,,,,,,,,
2011,UKR,Ukraine,DHS,2007,0.008,2.2,35.5,,2.10,0.10,0.20,0.30,0.10,0.10,0.00,0.00,0.10,9,Nutrition,,,,,,,,,,,,,,,,,,,,,,,,,,,,,,,,,
2015,UKR,Ukraine,MICS,2012,0.004,1.2,34.8,,1.20,0.03,0.01,0.18,0.08,0.04,0.00,0.01,0.02,9,Nutrition,,,,,,,,,,,,,,,,,,,,,,,,,,,,,,,,,
2018,UKR,Ukraine,MICS,2012,0.001,0.2,34.5,,0.15,0.09,0.05,0.07,0.03,0.02,0.00,0.01,0.03,9,Nutrition,,,,,,,,,,,,,,,,,,,,,,,,,,,,,,,,,
2011,ARE,United Arab Emirates,WHS,2003,0.002,0.6,35.3,0.00,0.00,0.60,,0.00,0.10,0.10,0.00,0.00,0.00,9,Child School Attendance,,,,,,,,,,,,,,,,,,,,,,,,,,,,,,,,,
2011,URY,Uruguay,WHS,2002-2003,0.006,1.7,34.7,0.00,0.00,1.70,,0.30,0.00,0.00,0.00,0.00,0.00,9,Child School Attendance,,,,,,,,,,,,,,,,,,,,,,,,,,,,,,,,,
2011,UZB,Uzbekistan,MICS,2006,0.008,2.3,36.2,0.90,1.90,0.00,1.20,0.90,0.10,0.60,0.10,0.70,0.90,10,,,,,,,,,,,,,,,,,,,,,,,,,,,,,,,,,,
2018,UZB,Uzbekistan,MICS,2006,0.016,4.4,37.2,3.29,3.34,0.00,1.16,1.79,0.15,1.61,0.09,1.15,1.17,10,,,,,,,,,,,,,,,,,,,,,,,,,,,,,,,,,,
2011,VUT,Vanuatu,MICS,2007,0.129,30.1,42.7,6.80,6.60,4.90,18.00,29.50,20.10,7.90,27.00,9.20,29.10,10,,,,,,,,,,,,,,,,,,,,,,,,,,,,,,,,,,
2018,VUT,Vanuatu,MICS,2007,0.174,38.8,44.9,15.13,7.14,6.87,16.56,37.81,25.41,12.42,34.70,30.21,35.32,10,,,,,,,,,,,,,,,,,,,,,,,,,,,,,,,,,,
2011,VNM,Viet Nam,DHS,2002,0.084,17.7,47.2,,10.80,5.30,4.40,,10.00,15.30,6.50,7.80,7.80,8,Nutrition & Cooking Fuel,,,,,,,,,,,,,,,,,,,,,,,,,,,,,,,,,
2013,VNM,Viet Nam,MICS,2011,0.017,4.2,39.5,1.20,1.30,1.90,1.40,4.00,3.60,1.70,0.50,1.70,1.30,10,,,,,,,,,,,,,,,,,,,,,,,,,,,,,,,,,,
2016,VNM,Viet Nam,MICS,2013-2014,0.029,7.1,40.7,,5.06,1.82,1.25,4.96,3.54,1.51,0.42,1.30,0.94,9,Nutrition,,,,,,,,,,,,,,,,,,,,,,,,,,,,,,,,,
2018,VNM,Viet Nam,MICS,2014,0.020,5.0,39.5,,0.98,3.62,1.32,4.51,4.07,1.51,0.45,3.08,1.16,9,Nutrition,,,,,,,,,,,,,,,,,,,,,,,,,,,,,,,,,
2011,YEM,Yemen,MICS,2006,0.283,52.5,53.9,,34.40,12.50,33.50,28.40,25.70,31.90,31.20,20.80,27.40,9,Nutrition,,,,,,,,,,,,,,,,,,,,,,,,,,,,,,,,,
2015,YEM,Yemen,DHS,2013,0.236,45.9,51.4,33.73,18.18,13.41,26.22,27.60,34.59,27.51,19.29,24.15,16.46,10,,,,,,,,,,,,,,,,,,,,,,,,,,,,,,,,,,
2018,YEM,Yemen,DHS,2013,0.241,47.8,50.5,36.26,4.80,17.19,27.24,29.27,36.78,29.55,19.76,45.18,17.06,10,,,,,,,,,,,,,,,,,,,,,,,,,,,,,,,,,,
2011,ZMB,Zambia,DHS,2007,0.328,64.2,51.2,18.70,36.30,13.30,21.10,63.00,57.40,49.80,61.90,51.50,39.50,10,,,,,,,,,,,,,,,,,,,,,,,,,,,,,,,,,,
2015,ZMB,Zambia,DHS,2013-2014,0.281,56.6,49.8,18.92,31.25,9.15,22.05,55.98,47.29,36.85,53.09,43.87,25.53,10,,,,,,,,,,,,,,,,,,,,,,,,,,,,,,,,,,
2018,ZMB,Zambia,DHS,2013-2014,0.262,53.4,49.1,30.93,6.67,13.56,21.79,53.07,45.00,35.43,50.56,44.13,25.07,10,,,,,,,,,,,,,,,,,,,,,,,,,,,,,,,,,,
2020,ZMB,Zambia,DHS,2018,0.232,47.91,48.36,25.70,4.18,12.00,22.79,47.63,37.72,28.60,44.48,40.24,24.33,10,,,,,,,,,,,,,,,,,,,,,,,,,,,,,,,,,,
2011,ZWE,Zimbabwe,DHS,2006,0.180,39.7,45.3,12.90,14.50,3.30,12.80,39.00,31.60,24.20,38.00,25.90,34.30,10,,,,,,,,,,,,,,,,,,,,,,,,,,,,,,,,,,
2013,ZWE,Zimbabwe,DHS,2010-2011,0.172,39.1,44.0,19.10,15.50,2.40,8.10,37.70,30.60,20.90,35.80,21.60,27.50,10,,,,,,,,,,,,,,,,,,,,,,,,,,,,,,,,,,
2015,ZWE,Zimbabwe,MICS,2014,0.127,29.7,42.7,7.67,12.01,2.33,6.55,29.31,24.98,21.65,28.82,19.74,18.18,10,,,,,,,,,,,,,,,,,,,,,,,,,,,,,,,,,,
2017,ZWE,Zimbabwe,DHS,2015,0.152,35.0,43.4,15.49,14.91,2.56,6.05,34.09,27.03,24.71,33.41,18.62,18.65,10,,,,,,,,,,,,,,,,,,,,,,,,,,,,,,,,,,
2018,ZWE,Zimbabwe,DHS,2015,0.149,34.7,42.9,22.16,3.93,4.10,6.08,33.98,26.74,24.63,33.56,22.78,17.44,10,,,,,,,,,,,,,,,,,,,,,,,,,,,,,,,,,,
2020,ZWE,Zimbabwe,MICS,2019,0.110,25.80,42.61,12.33,3.21,3.54,7.85,25.17,21.40,19.81,19.35,16.35,15.00,10,,,,,,,,,,,,,,,,,,,,,,,,,,,,,,,,,,
,,,,,,,,,,,,,,,,,,,,,,,,,,,,,,,,,,,,,,,,,,,,,,,,,,,,
,,,,,,,,,,,,,,,,,,,,,,,,,,,,,,,,,,,,,,,,,,,,,,,,,,,,
Notes,,,,,,,,,,,,,,,,,,,,,,,,,,,,,,,,,,,,,,,,,,,,,,,,,,,,
All figures published before 2018 corrosponds to the original MPI. ,,,,,,,,,,,,,,,,,,,,,,,,,,,,,,,,,,,,,,,,,,,,,,,,,,,,
Table 7 last updated on 09 July 2020,,,,,,,,,,,,,,,,,,,,,,,,,,,,,,,,,,,,,,,,,,,,,,,,,,,,
